sortie,time_s,lon,lat,altitude_m
Q2-001,839.5931344441078,109.1965506125961,23.026083288840745,561.8041381835938
Q2-001,859.5761817126123,109.19450386094988,23.02713191977237,561.8041381835938
Q2-001,879.5592289811168,109.19245710930365,23.028180550703993,561.8041381835938
Q2-001,899.5422762496213,109.19041035765743,23.02922918163562,561.8041381835938
Q2-001,919.5253235181258,109.18836360601121,23.030277812567245,561.8041381835938
Q2-001,939.5083707866303,109.18631685436499,23.03132644349887,561.8041381835938
Q2-001,959.4914180551348,109.18427010271877,23.032375074430497,561.8041381835938
Q2-001,979.4744653236393,109.18222335107255,23.03342370536212,561.8041381835938
Q2-001,999.4575125921438,109.18017659942633,23.034472336293746,561.8041381835938
Q2-001,1019.4405598606482,109.17812984778011,23.035520967225374,561.8041381835938
Q2-001,1039.4236071291527,109.1760830961339,23.036569598156998,561.8041381835938
Q2-001,1059.4066543976573,109.17403634448766,23.037618229088622,561.8041381835938
Q2-001,1079.3897016661617,109.17198959284144,23.03866686002025,561.8041381835938
Q2-001,1099.372748934666,109.16994284119522,23.039715490951874,561.8041381835938
Q2-001,1119.3557962031707,109.1688578,23.0402714,538.3304726850449
Q2-001,1139.3388434716753,109.1688578,23.0402714,488.3728545137834
Q2-001,1159.3218907401797,109.1688578,23.0402714,438.41523634252246
Q2-001,1179.304938008684,109.1688578,23.0402714,388.4576181712615
Q2-001,1199.2879852771887,109.1688578,23.0402714,338.5
Q2-001,1218.3788943680977,109.1688578,23.0402714,338.5
Q2-001,1237.469803459007,109.1688578,23.0402714,338.5
Q2-001,1256.560712549916,109.1688578,23.0402714,338.5
Q2-001,1275.651621640825,109.1688578,23.0402714,338.5
Q2-001,1294.7425307317342,109.1688578,23.0402714,338.5
Q2-001,1313.8334398226432,109.1688578,23.0402714,338.5
Q2-001,1332.9243489135524,109.1688578,23.0402714,338.5
Q2-001,1352.0152580044614,109.1688578,23.0402714,338.5
Q2-001,1371.1061670953704,109.1688578,23.0402714,338.5
Q2-001,1390.1970761862797,109.1688578,23.0402714,338.5
Q2-001,1409.2879852771887,109.1688578,23.0402714,338.5
Q2-001,1429.1331322216195,109.1688578,23.0402714,398.03544083329234
Q2-001,1448.9782791660502,109.1688578,23.0402714,457.5708816665847
Q2-001,1468.823426110481,109.1688578,23.0402714,517.106322499877
Q2-001,1488.6685730549116,109.1693643782893,23.04001186012645,561.8041381835938
Q2-001,1508.5137199993424,109.17139700557743,23.03897046565598,561.8041381835938
Q2-001,1528.3588669437731,109.17342963286556,23.03792907118551,561.8041381835938
Q2-001,1548.204013888204,109.1754622601537,23.036887676715036,561.8041381835938
Q2-001,1568.0491608326347,109.17749488744182,23.035846282244567,561.8041381835938
Q2-001,1587.8943077770655,109.17952751472995,23.034804887774094,561.8041381835938
Q2-001,1607.739454721496,109.1815601420181,23.033763493303624,561.8041381835938
Q2-001,1627.5846016659268,109.18359276930623,23.032722098833155,561.8041381835938
Q2-001,1647.4297486103576,109.18562539659436,23.03168070436268,561.8041381835938
Q2-001,1667.2748955547884,109.18765802388249,23.030639309892212,561.8041381835938
Q2-001,1687.1200424992192,109.18969065117062,23.02959791542174,561.8041381835938
Q2-001,1706.9651894436497,109.19172327845875,23.02855652095127,561.8041381835938
Q2-001,1726.8103363880805,109.19375590574688,23.027515126480797,561.8041381835938
Q2-001,1746.6554833325113,109.19578853303501,23.026473732010327,561.8041381835938
Q2-002,757.0690138654465,109.24760062511027,23.042156928224752,293.2289123535156
Q2-002,776.922464558719,109.24857322250519,23.044110808895997,293.2289123535156
Q2-002,796.7759152519913,109.2495458199001,23.046064689567242,293.2289123535156
Q2-002,816.6293659452635,109.25051841729503,23.048018570238487,293.2289123535156
Q2-002,836.482816638536,109.25149101468995,23.04997245090973,293.2289123535156
Q2-002,856.3362673318082,109.25246361208487,23.051926331580976,293.2289123535156
Q2-002,876.1897180250805,109.25343620947977,23.053880212252224,293.2289123535156
Q2-002,896.043168718353,109.2541424,23.0552989,279.63362673318056
Q2-002,915.8966194116252,109.2541424,23.0552989,230.0
Q2-002,934.9875285025344,109.2541424,23.0552989,230.0
Q2-002,954.0784375934434,109.2541424,23.0552989,230.0
Q2-002,973.1693466843525,109.2541424,23.0552989,230.0
Q2-002,992.2602557752616,109.2541424,23.0552989,230.0
Q2-002,1011.3511648661706,109.2541424,23.0552989,230.0
Q2-002,1030.4420739570796,109.2541424,23.0552989,230.0
Q2-002,1049.5329830479889,109.2541424,23.0552989,230.0
Q2-002,1068.6238921388979,109.2541424,23.0552989,230.0
Q2-002,1087.7148012298069,109.2541424,23.0552989,230.0
Q2-002,1106.8057103207161,109.2541424,23.0552989,230.0
Q2-002,1125.8966194116251,109.2541424,23.0552989,230.0
Q2-002,1145.3006407706466,109.2541424,23.0552989,288.2120640770645
Q2-002,1164.7046621296683,109.25327374280603,23.053553827979332,293.2289123535156
Q2-002,1184.1086834886898,109.25232316243005,23.051644177971202,293.2289123535156
Q2-002,1203.5127048477113,109.25137258205405,23.04973452796307,293.2289123535156
Q2-002,1222.9167262067328,109.25042200167806,23.04782487795494,293.2289123535156
Q2-002,1242.3207475657546,109.24947142130208,23.04591522794681,293.2289123535156
Q2-002,1261.724768924776,109.24852084092608,23.04400557793868,293.2289123535156
Q2-002,1281.1287902837976,109.24757026055009,23.04209592793055,293.2289123535156
Q2-004,848.0288715381457,109.26977442615242,23.00607443591309,591.9473876953125
Q2-004,867.5500263996717,109.27205424238007,23.005931807192816,591.9473876953125
Q2-004,887.0711812611974,109.2743340586077,23.00578917847254,591.9473876953125
Q2-004,906.5923361227232,109.27661387483535,23.005646549752267,591.9473876953125
Q2-004,926.113490984249,109.27889369106299,23.005503921031995,591.9473876953125
Q2-004,945.6346458457748,109.28117350729063,23.005361292311722,591.9473876953125
Q2-004,965.1558007073006,109.28345332351827,23.005218663591446,591.9473876953125
Q2-004,984.6769555688265,109.2835966,23.0052097,546.2115486152584
Q2-004,1004.1981104303524,109.2835966,23.0052097,497.4086614614438
Q2-004,1023.7192652918782,109.2835966,23.0052097,448.60577430762925
Q2-004,1043.240420153404,109.2835966,23.0052097,399.8028871538146
Q2-004,1062.7615750149298,109.2835966,23.0052097,351.00000000000034
Q2-004,1081.8524841058388,109.2835966,23.0052097,351.0
Q2-004,1100.943393196748,109.2835966,23.0052097,351.0
Q2-004,1120.034302287657,109.2835966,23.0052097,351.0
Q2-004,1139.125211378566,109.2835966,23.0052097,351.0
Q2-004,1158.2161204694753,109.2835966,23.0052097,351.0
Q2-004,1177.3070295603843,109.2835966,23.0052097,351.0
Q2-004,1196.3979386512933,109.2835966,23.0052097,351.0
Q2-004,1215.4888477422026,109.2835966,23.0052097,351.0
Q2-004,1234.5797568331116,109.2835966,23.0052097,351.0
Q2-004,1253.6706659240208,109.2835966,23.0052097,351.0
Q2-004,1272.7615750149298,109.2835966,23.0052097,351.0
Q2-004,1292.6962483949742,109.2835966,23.0052097,410.80402014013316
Q2-004,1312.6309217750186,109.2835966,23.0052097,470.6080402802663
Q2-004,1332.565595155063,109.2835966,23.0052097,530.4120604203995
Q2-004,1352.5002685351071,109.2835966,23.0052097,590.216080560532
Q2-004,1372.4349419151515,109.28133588823316,23.005351133516573,591.9473876953125
Q2-004,1392.369615295196,109.27900777843705,23.005496783554875,591.9473876953125
Q2-004,1412.3042886752403,109.27667966864094,23.005642433593177,591.9473876953125
Q2-004,1432.2389620552847,109.27435155884483,23.005788083631476,591.9473876953125
Q2-004,1452.1736354353288,109.27202344904872,23.005933733669778,591.9473876953125
Q2-004,1472.1083088153732,109.2696953392526,23.00607938370808,591.9473876953125
Q2-005,766.0566338113143,109.26956625913353,23.017845375473474,435.63653564453125
Q2-005,785.8490882224362,109.27236883768735,23.0185212071236,435.63653564453125
Q2-005,805.641542633558,109.27517141624118,23.019197038773726,435.63653564453125
Q2-005,825.4339970446797,109.2760168,23.0194009,401.0811360278047
Q2-005,845.2264514558016,109.2760168,23.0194009,351.6
Q2-005,865.2264514558016,109.2760168,23.0194009,351.6
Q2-005,885.2264514558016,109.2760168,23.0194009,351.6
Q2-005,905.2264514558016,109.2760168,23.0194009,351.6
Q2-005,925.2264514558016,109.2760168,23.0194009,351.6
Q2-005,945.2264514558016,109.2760168,23.0194009,351.6
Q2-005,965.2264514558015,109.2760168,23.0194009,351.6
Q2-005,985.2264514558015,109.2760168,23.0194009,351.6
Q2-005,1005.2264514558015,109.2760168,23.0194009,351.6
Q2-005,1025.2264514558015,109.2760168,23.0194009,351.6
Q2-005,1045.2264514558015,109.2760168,23.0194009,351.6
Q2-005,1065.2264514558015,109.2760168,23.0194009,351.6
Q2-005,1085.2264514558015,109.2760168,23.0194009,351.6
Q2-005,1104.8161647109043,109.2760168,23.0194009,410.36913976530866
Q2-005,1124.4058779660072,109.27443553630255,23.019019583996396,435.63653564453125
Q2-005,1143.9955912211099,109.27166166555848,23.01835067513044,435.63653564453125
Q2-005,1163.5853044762127,109.26888779481442,23.017681766264477,435.63653564453125
Q2-006,744.0841355426182,109.26389982238511,23.02691915062091,399.18182373046875
Q2-006,763.7554764060972,109.26636615419258,23.028293035235638,399.18182373046875
Q2-006,783.4268172695758,109.26883248600005,23.02966691985037,399.18182373046875
Q2-006,803.0981581330547,109.2712988178075,23.0310408044651,399.18182373046875
Q2-006,822.7694989965335,109.2713839,23.0310882,351.70000000000005
Q2-006,842.7694989965335,109.2713839,23.0310882,351.7
Q2-006,862.7694989965335,109.2713839,23.0310882,351.7
Q2-006,882.7694989965335,109.2713839,23.0310882,351.7
Q2-006,902.7694989965335,109.2713839,23.0310882,351.7
Q2-006,922.7694989965335,109.2713839,23.0310882,351.7
Q2-006,942.7694989965335,109.2713839,23.0310882,351.7
Q2-006,962.7694989965335,109.2713839,23.0310882,351.7
Q2-006,982.7694989965335,109.2713839,23.0310882,351.7
Q2-006,1002.7694989965335,109.2713839,23.0310882,351.7
Q2-006,1022.7694989965335,109.2713839,23.0310882,351.7
Q2-006,1042.7694989965335,109.2713839,23.0310882,351.7
Q2-006,1062.7694989965335,109.2713839,23.0310882,351.7
Q2-006,1082.2348395326146,109.27092777055488,23.030834110414368,399.18182373046875
Q2-006,1101.7001800686958,109.26848726643061,23.02947461326221,399.18182373046875
Q2-006,1121.165520604777,109.26604676230633,23.028115116110055,399.18182373046875
Q2-009,1980.0690138654465,109.24760062511027,23.042156928224752,293.2289123535156
Q2-009,1999.9224645587187,109.24857322250519,23.044110808895997,293.2289123535156
Q2-009,2019.7759152519911,109.2495458199001,23.046064689567242,293.2289123535156
Q2-009,2039.6293659452635,109.25051841729503,23.048018570238487,293.2289123535156
Q2-009,2059.482816638536,109.25149101468995,23.04997245090973,293.2289123535156
Q2-009,2079.3362673318084,109.25246361208487,23.051926331580976,293.2289123535156
Q2-009,2099.1897180250808,109.25343620947977,23.053880212252224,293.2289123535156
Q2-009,2119.0431687183527,109.2541424,23.0552989,279.63362673318113
Q2-009,2138.896619411625,109.2541424,23.0552989,230.00000000000014
Q2-009,2158.896619411625,109.2541424,23.0552989,230.0
Q2-009,2178.896619411625,109.2541424,23.0552989,230.0
Q2-009,2198.896619411625,109.2541424,23.0552989,230.0
Q2-009,2218.896619411625,109.2541424,23.0552989,230.0
Q2-009,2238.896619411625,109.2541424,23.0552989,230.0
Q2-009,2258.896619411625,109.2541424,23.0552989,230.0
Q2-009,2278.896619411625,109.2541424,23.0552989,230.0
Q2-009,2298.896619411625,109.2541424,23.0552989,230.0
Q2-009,2318.896619411625,109.2541424,23.0552989,230.0
Q2-009,2337.9444354089082,109.2541424,23.0552989,287.14344799184937
Q2-009,2356.9922514061914,109.2541424,23.0552989,344.28689598369874
Q2-009,2376.040067403475,109.25572283387295,23.055253389339242,360.91961669921875
Q2-009,2395.087883400758,109.25795215550934,23.05518919310652,360.91961669921875
Q2-009,2414.135699398041,109.26018147714575,23.055124996873797,360.91961669921875
Q2-009,2433.1835153953243,109.26241079878214,23.055060800641073,360.91961669921875
Q2-009,2452.231331392608,109.26464012041853,23.05499660440835,360.91961669921875
Q2-009,2471.279147389891,109.26686944205494,23.054932408175624,360.91961669921875
Q2-009,2490.326963387174,109.26909876369133,23.0548682119429,360.91961669921875
Q2-009,2509.3747793844573,109.27132808532772,23.05480401571018,360.91961669921875
Q2-009,2528.422595381741,109.27355740696412,23.054739819477454,360.91961669921875
Q2-009,2547.470411379024,109.27578672860052,23.05467562324473,360.91961669921875
Q2-009,2566.518227376307,109.27801605023691,23.054611427012006,360.91961669921875
Q2-009,2585.56604337359,109.2802453718733,23.05454723077928,360.91961669921875
Q2-009,2604.613859370874,109.28247469350971,23.054483034546557,360.91961669921875
Q2-009,2623.661675368157,109.2831357,23.054464,327.4195399932072
Q2-009,2642.70949136544,109.2831357,23.054464,279.8
Q2-009,2662.70949136544,109.2831357,23.054464,279.8
Q2-009,2682.70949136544,109.2831357,23.054464,279.8
Q2-009,2702.70949136544,109.2831357,23.054464,279.8
Q2-009,2722.70949136544,109.2831357,23.054464,279.8
Q2-009,2742.70949136544,109.2831357,23.054464,279.8
Q2-009,2762.70949136544,109.2831357,23.054464,279.8
Q2-009,2782.70949136544,109.2831357,23.054464,279.8
Q2-009,2802.70949136544,109.2831357,23.054464,279.8
Q2-009,2822.70949136544,109.2831357,23.054464,279.8
Q2-009,2842.57141577044,109.2831357,23.054464,339.38577321500094
Q2-009,2862.4333401754398,109.2831357,23.054464,398.9715464299998
Q2-009,2882.29526458044,109.28185503737183,23.053338374364113,413.3009948730469
Q2-009,2902.15718898544,109.2801688802808,23.05185634341699,413.3009948730469
Q2-009,2922.0191133904395,109.27848272318978,23.05037431246987,413.3009948730469
Q2-009,2941.8810377954396,109.27679656609877,23.048892281522747,413.3009948730469
Q2-009,2961.7429622004393,109.27511040900774,23.047410250575627,413.3009948730469
Q2-009,2981.6048866054393,109.27342425191672,23.045928219628504,413.3009948730469
Q2-009,3001.4668110104394,109.2717380948257,23.044446188681384,413.3009948730469
Q2-009,3021.328735415439,109.27005193773468,23.04296415773426,413.3009948730469
Q2-009,3041.190659820439,109.26836578064366,23.04148212678714,413.3009948730469
Q2-009,3061.052584225439,109.26667962355263,23.040000095840018,413.3009948730469
Q2-009,3080.914508630439,109.26499346646162,23.038518064892898,413.3009948730469
Q2-009,3100.776433035439,109.2633073093706,23.037036033945775,413.3009948730469
Q2-009,3120.638357440439,109.26162115227957,23.035554002998655,413.3009948730469
Q2-009,3140.5002818454386,109.25993499518856,23.03407197205153,413.3009948730469
Q2-010,2297.6221616157,109.19706729785733,23.02708307747935,511.9731750488281
Q2-010,2317.4532696964848,109.19457230892613,23.02845474213182,511.9731750488281
Q2-010,2337.28437777727,109.1928191,23.0294186,497.23331060588714
Q2-010,2357.115485858055,109.1928191,23.0294186,447.6555404039251
Q2-010,2376.94659393884,109.1928191,23.0294186,398.0777702019619
Q2-010,2396.777702019625,109.1928191,23.0294186,348.5
Q2-010,2416.777702019625,109.1928191,23.0294186,348.5
Q2-010,2436.777702019625,109.1928191,23.0294186,348.5
Q2-010,2456.777702019625,109.1928191,23.0294186,348.5
Q2-010,2476.777702019625,109.1928191,23.0294186,348.5
Q2-010,2496.777702019625,109.1928191,23.0294186,348.5
Q2-010,2516.777702019625,109.1928191,23.0294186,348.5
Q2-010,2536.777702019625,109.1928191,23.0294186,348.5
Q2-010,2556.777702019625,109.1928191,23.0294186,348.5
Q2-010,2576.777702019625,109.1928191,23.0294186,348.5
Q2-010,2596.777702019625,109.1928191,23.0294186,348.5
Q2-010,2616.777702019625,109.1928191,23.0294186,348.5
Q2-010,2636.777702019625,109.1928191,23.0294186,348.5
Q2-010,2656.4122290203795,109.1928191,23.0294186,407.40358100226376
Q2-010,2676.0467560211346,109.1928191,23.0294186,466.3071620045289
Q2-010,2695.681283021889,109.19337424775736,23.029113397621686,511.9731750488281
Q2-010,2715.315810022644,109.1958445044539,23.027755329956214,511.9731750488281
Q2-011,2312.6221616157,109.19706729785733,23.02708307747935,511.9731750488281
Q2-011,2332.4532696964848,109.19457230892613,23.02845474213182,511.9731750488281
Q2-011,2352.28437777727,109.1928191,23.0294186,497.23331060588714
Q2-011,2372.115485858055,109.1928191,23.0294186,447.6555404039251
Q2-011,2391.94659393884,109.1928191,23.0294186,398.0777702019619
Q2-011,2411.777702019625,109.1928191,23.0294186,348.5
Q2-011,2430.868611110534,109.1928191,23.0294186,348.5
Q2-011,2449.959520201443,109.1928191,23.0294186,348.5
Q2-011,2469.0504292923524,109.1928191,23.0294186,348.5
Q2-011,2488.1413383832614,109.1928191,23.0294186,348.5
Q2-011,2507.2322474741704,109.1928191,23.0294186,348.5
Q2-011,2526.3231565650794,109.1928191,23.0294186,348.5
Q2-011,2545.4140656559885,109.1928191,23.0294186,348.5
Q2-011,2564.5049747468975,109.1928191,23.0294186,348.5
Q2-011,2583.595883837807,109.1928191,23.0294186,348.5
Q2-011,2602.686792928716,109.1928191,23.0294186,348.5
Q2-011,2621.777702019625,109.1928191,23.0294186,348.5
Q2-011,2641.4122290203795,109.1928191,23.0294186,407.40358100226376
Q2-011,2661.0467560211346,109.1928191,23.0294186,466.3071620045289
Q2-011,2680.681283021889,109.19337424775736,23.029113397621686,511.9731750488281
Q2-011,2700.315810022644,109.1958445044539,23.027755329956214,511.9731750488281
Q2-012,2396.9577921806494,109.24668713861061,23.043848913067595,308.9542541503906
Q2-012,2416.6776695240187,109.2477927012717,23.04631615988743,308.9542541503906
Q2-012,2436.397546867388,109.2488982639328,23.048783406707262,308.9542541503906
Q2-012,2456.1174242107577,109.25000382659391,23.0512506535271,308.9542541503906
Q2-012,2475.837301554127,109.251109389255,23.053717900346932,308.9542541503906
Q2-012,2495.557178897496,109.2522149519161,23.05618514716677,308.9542541503906
Q2-012,2515.277056240866,109.2533205145772,23.058652393986602,308.9542541503906
Q2-012,2534.996933584235,109.2544260772383,23.06111964080644,308.9542541503906
Q2-012,2554.7168109276045,109.2555316398994,23.063586887626272,308.9542541503906
Q2-012,2574.4366882709737,109.2566372025605,23.066054134446105,308.9542541503906
Q2-012,2594.1565656143434,109.25774276522161,23.068521381265942,308.9542541503906
Q2-012,2613.876442957713,109.2585519,23.0703271,298.37950937347716
Q2-012,2633.5963203010824,109.2585519,23.0703271,258.93975468673875
Q2-012,2653.3161976444517,109.2585519,23.0703271,219.50000000000023
Q2-012,2673.116197644452,109.2585519,23.0703271,219.5
Q2-012,2692.9161976444516,109.2585519,23.0703271,219.5
Q2-012,2712.7161976444518,109.2585519,23.0703271,219.5
Q2-012,2732.5161976444515,109.2585519,23.0703271,219.5
Q2-012,2752.3161976444517,109.2585519,23.0703271,219.5
Q2-012,2772.116197644452,109.2585519,23.0703271,219.5
Q2-012,2791.9161976444516,109.2585519,23.0703271,219.5
Q2-012,2811.7161976444518,109.2585519,23.0703271,219.5
Q2-012,2831.5161976444515,109.2585519,23.0703271,219.5
Q2-012,2851.3161976444517,109.2585519,23.0703271,219.5
Q2-012,2871.116197644452,109.2585519,23.0703271,219.5
Q2-012,2890.9161976444516,109.2585519,23.0703271,219.5
Q2-012,2910.7161976444518,109.2585519,23.0703271,219.5
Q2-012,2930.5161976444515,109.2585519,23.0703271,219.5
Q2-012,2950.3161976444517,109.2585519,23.0703271,219.5
Q2-012,2970.116197644452,109.2585519,23.0703271,219.5
Q2-012,2989.9161976444516,109.2585519,23.0703271,219.5
Q2-012,3009.7161976444518,109.2585519,23.0703271,219.5
Q2-012,3029.5161976444515,109.2585519,23.0703271,219.5
Q2-012,3049.3161976444517,109.2585519,23.0703271,219.5
Q2-012,3068.7067038208406,109.2585519,23.0703271,267.9762654409724
Q2-012,3088.09720999723,109.25838374855296,23.0699518420996,308.9542541503906
Q2-012,3107.487716173619,109.25729665154748,23.06752580445922,308.9542541503906
Q2-012,3126.8782223500084,109.256209554542,23.06509976681884,308.9542541503906
Q2-012,3146.2687285263974,109.25512245753652,23.06267372917846,308.9542541503906
Q2-012,3165.6592347027863,109.25403536053103,23.06024769153808,308.9542541503906
Q2-012,3185.0497408791757,109.25294826352555,23.0578216538977,308.9542541503906
Q2-012,3204.4402470555647,109.25186116652007,23.05539561625732,308.9542541503906
Q2-012,3223.8307532319536,109.25077406951459,23.052969578616942,308.9542541503906
Q2-012,3243.221259408343,109.24968697250911,23.050543540976562,308.9542541503906
Q2-012,3262.611765584732,109.24859987550363,23.048117503336183,308.9542541503906
Q2-012,3282.002271761121,109.24751277849815,23.045691465695803,308.9542541503906
Q2-012,3301.3927779375103,109.24642568149267,23.043265428055424,308.9542541503906
Q2-013,2445.5605541740715,109.24592792209087,23.04215459522403,308.9542541503906
Q2-013,2465.388581882775,109.24681722283839,23.044139217641547,308.9542541503906
Q2-013,2485.2166095914786,109.2477065235859,23.046123840059064,308.9542541503906
Q2-013,2505.044637300182,109.24859582433342,23.048108462476577,308.9542541503906
Q2-013,2524.8726650088856,109.24948512508094,23.050093084894094,308.9542541503906
Q2-013,2544.7006927175894,109.25037442582845,23.05207770731161,308.9542541503906
Q2-013,2564.5287204262927,109.25126372657597,23.054062329729128,308.9542541503906
Q2-013,2584.3567481349965,109.25215302732349,23.05604695214664,308.9542541503906
Q2-013,2604.1847758436998,109.253042328071,23.058031574564158,308.9542541503906
Q2-013,2624.0128035524035,109.25393162881852,23.060016196981675,308.9542541503906
Q2-013,2643.8408312611073,109.25482092956604,23.06200081939919,308.9542541503906
Q2-013,2663.6688589698106,109.25571023031355,23.063985441816705,308.9542541503906
Q2-013,2683.4968866785143,109.25659953106107,23.06597006423422,308.9542541503906
Q2-013,2703.3249143872176,109.25748883180859,23.06795468665174,308.9542541503906
Q2-013,2723.1529420959214,109.2583781325561,23.069939309069255,308.9542541503906
Q2-013,2742.9809698046247,109.2585519,23.0703271,269.07006927175905
Q2-013,2762.8089975133284,109.2585519,23.0703271,219.5
Q2-013,2781.8999066042375,109.2585519,23.0703271,219.5
Q2-013,2800.9908156951465,109.2585519,23.0703271,219.5
Q2-013,2820.081724786056,109.2585519,23.0703271,219.5
Q2-013,2839.172633876965,109.2585519,23.0703271,219.5
Q2-013,2858.263542967874,109.2585519,23.0703271,219.5
Q2-013,2877.354452058783,109.2585519,23.0703271,219.5
Q2-013,2896.445361149692,109.2585519,23.0703271,219.5
Q2-013,2915.536270240601,109.2585519,23.0703271,219.5
Q2-013,2934.6271793315104,109.2585519,23.0703271,219.5
Q2-013,2953.7180884224194,109.2585519,23.0703271,219.5
Q2-013,2972.8089975133284,109.2585519,23.0703271,219.5
Q2-013,2992.807025222032,109.2585519,23.0703271,279.4940831261101
Q2-013,3012.8050529307357,109.25809541097925,23.069308368882915,308.9542541503906
Q2-013,3032.803080639439,109.25719848561423,23.067306730864257,308.9542541503906
Q2-013,3052.801108348143,109.25630156024921,23.065305092845595,308.9542541503906
Q2-013,3072.7991360568462,109.25540463488419,23.063303454826933,308.9542541503906
Q2-013,3092.79716376555,109.25450770951917,23.061301816808275,308.9542541503906
Q2-013,3112.7951914742534,109.25361078415416,23.059300178789613,308.9542541503906
Q2-013,3132.793219182957,109.25271385878914,23.05729854077095,308.9542541503906
Q2-013,3152.7912468916606,109.25181693342412,23.055296902752293,308.9542541503906
Q2-013,3172.789274600364,109.25092000805911,23.05329526473363,308.9542541503906
Q2-013,3192.787302309068,109.25002308269409,23.05129362671497,308.9542541503906
Q2-013,3212.7853300177712,109.24912615732907,23.04929198869631,308.9542541503906
Q2-013,3232.7833577264746,109.24822923196406,23.04729035067765,308.9542541503906
Q2-013,3252.7813854351784,109.24733230659903,23.045288712658987,308.9542541503906
Q2-013,3272.779413143882,109.24643538123402,23.04328707464033,308.9542541503906
Q2-015,2836.2423369099984,109.2593796310574,23.033583840291048,413.3009948730469
Q2-015,2855.844261314998,109.26104371572308,23.0350464709002,413.3009948730469
Q2-015,2875.446185719998,109.26270780038875,23.036509101509345,413.3009948730469
Q2-015,2895.048110124998,109.26437188505442,23.037971732118493,413.3009948730469
Q2-015,2914.650034529998,109.2660359697201,23.039434362727643,413.3009948730469
Q2-015,2934.2519589349977,109.26770005438577,23.04089699333679,413.3009948730469
Q2-015,2953.853883339998,109.26936413905145,23.042359623945938,413.3009948730469
Q2-015,2973.455807744998,109.27102822371712,23.04382225455509,413.3009948730469
Q2-015,2993.0577321499977,109.27269230838279,23.045284885164236,413.3009948730469
Q2-015,3012.6596565549976,109.27435639304846,23.046747515773383,413.3009948730469
Q2-015,3032.2615809599974,109.27602047771414,23.048210146382534,413.3009948730469
Q2-015,3051.8635053649973,109.27768456237982,23.04967277699168,413.3009948730469
Q2-015,3071.465429769997,109.2793486470455,23.051135407600828,413.3009948730469
Q2-015,3091.0673541749975,109.28101273171116,23.05259803820998,413.3009948730469
Q2-015,3110.669278579997,109.28267681637683,23.054060668819126,413.3009948730469
Q2-015,3130.271202984997,109.2831357,23.054464,377.8096220249997
Q2-015,3149.873127389997,109.2831357,23.054464,328.80481101250007
Q2-015,3169.475051794997,109.2831357,23.054464,279.8000000000004
Q2-015,3188.565960885906,109.2831357,23.054464,279.8
Q2-015,3207.656869976815,109.2831357,23.054464,279.8
Q2-015,3226.7477790677244,109.2831357,23.054464,279.8
Q2-015,3245.8386881586334,109.2831357,23.054464,279.8
Q2-015,3264.9295972495424,109.2831357,23.054464,279.8
Q2-015,3284.0205063404514,109.2831357,23.054464,279.8
Q2-015,3303.1114154313605,109.2831357,23.054464,279.8
Q2-015,3322.2023245222695,109.2831357,23.054464,279.8
Q2-015,3341.293233613179,109.2831357,23.054464,279.8
Q2-015,3360.384142704088,109.2831357,23.054464,279.8
Q2-015,3379.475051794997,109.2831357,23.054464,279.8
Q2-015,3399.336976199997,109.2831357,23.054464,339.38577321500026
Q2-015,3419.1989006049967,109.2831357,23.054464,398.97154642999914
Q2-015,3439.0608250099967,109.28185503737183,23.053338374364113,413.3009948730469
Q2-015,3458.922749414997,109.2801688802808,23.05185634341699,413.3009948730469
Q2-015,3478.7846738199964,109.27848272318978,23.05037431246987,413.3009948730469
Q2-015,3498.6465982249965,109.27679656609877,23.048892281522747,413.3009948730469
Q2-015,3518.5085226299966,109.27511040900774,23.047410250575627,413.3009948730469
Q2-015,3538.3704470349962,109.27342425191672,23.045928219628504,413.3009948730469
Q2-015,3558.2323714399963,109.2717380948257,23.044446188681384,413.3009948730469
Q2-015,3578.0942958449964,109.27005193773468,23.04296415773426,413.3009948730469
Q2-015,3597.956220249996,109.26836578064366,23.04148212678714,413.3009948730469
Q2-015,3617.818144654996,109.26667962355263,23.040000095840018,413.3009948730469
Q2-015,3637.680069059996,109.26499346646162,23.038518064892898,413.3009948730469
Q2-015,3657.541993464996,109.2633073093706,23.037036033945775,413.3009948730469
Q2-015,3677.403917869996,109.26162115227957,23.035554002998655,413.3009948730469
Q2-015,3697.265842274996,109.25993499518856,23.03407197205153,413.3009948730469
Q2-016,3680.593134444108,109.1965506125961,23.026083288840745,561.8041381835938
Q2-016,3700.576181712612,109.19450386094988,23.02713191977237,561.8041381835938
Q2-016,3720.5592289811166,109.19245710930365,23.028180550703993,561.8041381835938
Q2-016,3740.542276249621,109.19041035765743,23.02922918163562,561.8041381835938
Q2-016,3760.525323518126,109.18836360601121,23.030277812567245,561.8041381835938
Q2-016,3780.50837078663,109.18631685436499,23.03132644349887,561.8041381835938
Q2-016,3800.4914180551345,109.18427010271877,23.032375074430497,561.8041381835938
Q2-016,3820.4744653236394,109.18222335107255,23.03342370536212,561.8041381835938
Q2-016,3840.4575125921438,109.18017659942633,23.034472336293746,561.8041381835938
Q2-016,3860.440559860648,109.17812984778011,23.035520967225374,561.8041381835938
Q2-016,3880.4236071291525,109.1760830961339,23.036569598156998,561.8041381835938
Q2-016,3900.406654397657,109.17403634448766,23.037618229088622,561.8041381835938
Q2-016,3920.3897016661613,109.17198959284144,23.03866686002025,561.8041381835938
Q2-016,3940.372748934666,109.16994284119522,23.039715490951874,561.8041381835938
Q2-016,3960.3557962031705,109.1688578,23.0402714,538.3304726850455
Q2-016,3980.338843471675,109.1688578,23.0402714,488.37285451378455
Q2-016,4000.3218907401797,109.1688578,23.0402714,438.41523634252246
Q2-016,4020.304938008684,109.1688578,23.0402714,388.4576181712615
Q2-016,4040.2879852771885,109.1688578,23.0402714,338.50000000000057
Q2-016,4059.3788943680975,109.1688578,23.0402714,338.5
Q2-016,4078.4698034590065,109.1688578,23.0402714,338.5
Q2-016,4097.5607125499155,109.1688578,23.0402714,338.5
Q2-016,4116.6516216408245,109.1688578,23.0402714,338.5
Q2-016,4135.7425307317335,109.1688578,23.0402714,338.5
Q2-016,4154.833439822643,109.1688578,23.0402714,338.5
Q2-016,4173.924348913552,109.1688578,23.0402714,338.5
Q2-016,4193.015258004461,109.1688578,23.0402714,338.5
Q2-016,4212.10616709537,109.1688578,23.0402714,338.5
Q2-016,4231.197076186279,109.1688578,23.0402714,338.5
Q2-016,4250.287985277188,109.1688578,23.0402714,338.5
Q2-016,4270.133132221619,109.1688578,23.0402714,398.03544083329166
Q2-016,4289.97827916605,109.1688578,23.0402714,457.570881666584
Q2-016,4309.823426110481,109.1688578,23.0402714,517.1063224998763
Q2-016,4329.668573054912,109.1693643782893,23.04001186012645,561.8041381835938
Q2-016,4349.513719999342,109.17139700557743,23.03897046565598,561.8041381835938
Q2-016,4369.358866943773,109.17342963286556,23.03792907118551,561.8041381835938
Q2-016,4389.204013888204,109.1754622601537,23.036887676715036,561.8041381835938
Q2-016,4409.049160832635,109.17749488744182,23.035846282244567,561.8041381835938
Q2-016,4428.8943077770655,109.17952751472995,23.034804887774094,561.8041381835938
Q2-016,4448.739454721496,109.1815601420181,23.033763493303624,561.8041381835938
Q2-016,4468.584601665927,109.18359276930623,23.032722098833155,561.8041381835938
Q2-016,4488.429748610357,109.18562539659436,23.03168070436268,561.8041381835938
Q2-016,4508.274895554788,109.18765802388249,23.030639309892212,561.8041381835938
Q2-016,4528.1200424992185,109.18969065117062,23.02959791542174,561.8041381835938
Q2-016,4547.965189443649,109.19172327845875,23.02855652095127,561.8041381835938
Q2-016,4567.81033638808,109.19375590574688,23.027515126480797,561.8041381835938
Q2-016,4587.655483332511,109.19578853303501,23.026473732010327,561.8041381835938
Q2-017,3911.9072863863776,109.22052650189912,23.049002617761822,372.9093322753906
Q2-017,3931.3526507056963,109.21987286811917,23.051566023264186,372.9093322753906
Q2-017,3950.798015025015,109.2192192343392,23.05412942876655,372.9093322753906
Q2-017,3970.2433793443342,109.21856560055926,23.05669283426891,372.9093322753906
Q2-017,3989.688743663653,109.2179119667793,23.059256239771276,372.9093322753906
Q2-017,4009.1341079829717,109.21725833299935,23.06181964527364,372.9093322753906
Q2-017,4028.579472302291,109.21660469921939,23.064383050776005,372.9093322753906
Q2-017,4048.0248366216097,109.21595106543944,23.06694645627837,372.9093322753906
Q2-017,4067.4702009409284,109.21529743165948,23.069509861780734,372.9093322753906
Q2-017,4086.9155652602476,109.21464379787953,23.0720732672831,372.9093322753906
Q2-017,4106.360929579566,109.21399016409957,23.074636672785463,372.9093322753906
Q2-017,4125.806293898885,109.21333653031962,23.077200078287824,372.9093322753906
Q2-017,4145.251658218204,109.2127472,23.0795113,368.1268215965941
Q2-017,4164.697022537523,109.2127472,23.0795113,319.51341079829837
Q2-017,4184.142386856842,109.2127472,23.0795113,270.9000000000004
Q2-017,4204.142386856842,109.2127472,23.0795113,270.9
Q2-017,4224.142386856842,109.2127472,23.0795113,270.9
Q2-017,4244.142386856842,109.2127472,23.0795113,270.9
Q2-017,4264.142386856842,109.2127472,23.0795113,270.9
Q2-017,4284.142386856842,109.2127472,23.0795113,270.9
Q2-017,4304.142386856842,109.2127472,23.0795113,270.9
Q2-017,4324.142386856842,109.2127472,23.0795113,270.9
Q2-017,4344.142386856842,109.2127472,23.0795113,270.9
Q2-017,4364.142386856842,109.2127472,23.0795113,270.9
Q2-017,4384.142386856842,109.2127472,23.0795113,270.9
Q2-017,4404.142386856842,109.2127472,23.0795113,270.9
Q2-017,4424.142386856842,109.2127472,23.0795113,270.9
Q2-017,4443.868535489886,109.2127472,23.0795113,330.07844589913327
Q2-017,4463.594684122931,109.21293036819968,23.078792955285667,372.9093322753906
Q2-017,4483.320832755975,109.21359344022463,23.076192535097285,372.9093322753906
Q2-017,4503.0469813890195,109.21425651224956,23.073592114908905,372.9093322753906
Q2-017,4522.773130022064,109.21491958427451,23.070991694720522,372.9093322753906
Q2-017,4542.499278655108,109.21558265629946,23.06839127453214,372.9093322753906
Q2-017,4562.225427288153,109.2162457283244,23.06579085434376,372.9093322753906
Q2-017,4581.951575921197,109.21690880034934,23.063190434155377,372.9093322753906
Q2-017,4601.677724554241,109.21757187237428,23.060590013966994,372.9093322753906
Q2-017,4621.403873187285,109.21823494439923,23.05798959377861,372.9093322753906
Q2-017,4641.13002182033,109.21889801642416,23.055389173590232,372.9093322753906
Q2-017,4660.856170453374,109.21956108844911,23.05278875340185,372.9093322753906
Q2-017,4680.5823190864185,109.22022416047405,23.050188333213466,372.9093322753906
Q2-017,4700.308467719463,109.220887232499,23.047587913025087,372.9093322753906
Q2-018,3949.3048273549484,109.20556903796921,23.035416772396797,571.7992553710938
Q2-018,3968.890771514708,109.20368814941449,23.037418522870237,571.7992553710938
Q2-018,3988.4767156744674,109.20180726085977,23.03942027334368,571.7992553710938
Q2-018,4008.062659834227,109.19992637230504,23.04142202381712,571.7992553710938
Q2-018,4027.6486039939864,109.19804548375032,23.04342377429056,571.7992553710938
Q2-018,4047.234548153746,109.19616459519558,23.045425524764003,571.7992553710938
Q2-018,4066.8204923135054,109.19428370664086,23.047427275237443,571.7992553710938
Q2-018,4086.406436473265,109.19240281808614,23.049429025710886,571.7992553710938
Q2-018,4105.992380633024,109.1923786,23.0494548,523.4648603993977
Q2-018,4125.578324792784,109.1923786,23.0494548,474.5
Q2-018,4145.578324792784,109.1923786,23.0494548,474.5
Q2-018,4165.578324792784,109.1923786,23.0494548,474.5
Q2-018,4185.578324792784,109.1923786,23.0494548,474.5
Q2-018,4205.578324792784,109.1923786,23.0494548,474.5
Q2-018,4225.578324792784,109.1923786,23.0494548,474.5
Q2-018,4245.578324792783,109.1923786,23.0494548,474.5
Q2-018,4265.578324792783,109.1923786,23.0494548,474.5
Q2-018,4285.578324792783,109.1923786,23.0494548,474.5
Q2-018,4305.578324792783,109.1923786,23.0494548,474.5
Q2-018,4325.578324792783,109.1923786,23.0494548,474.5
Q2-018,4345.578324792783,109.1923786,23.0494548,474.5
Q2-018,4365.578324792783,109.1923786,23.0494548,474.5
Q2-018,4385.278270753841,109.1923786,23.0494548,533.5998378831723
Q2-018,4404.978216714898,109.19304764036197,23.048742768520007,571.7992553710938
Q2-018,4424.678162675956,109.19493947680266,23.046729366672608,571.7992553710938
Q2-018,4444.378108637013,109.19683131324335,23.04471596482521,571.7992553710938
Q2-018,4464.078054598071,109.19872314968404,23.042702562977812,571.7992553710938
Q2-018,4483.7780005591285,109.20061498612475,23.040689161130413,571.7992553710938
Q2-018,4503.4779465201855,109.20250682256544,23.038675759283013,571.7992553710938
Q2-018,4523.177892481243,109.20439865900613,23.036662357435613,571.7992553710938
Q2-019,4159.318296015983,109.23630401365023,23.06015359262208,398.2391662597656
Q2-019,4178.971027856622,109.23658371117726,23.062802876195903,398.2391662597656
Q2-019,4198.623759697261,109.23686340870431,23.065452159769727,398.2391662597656
Q2-019,4218.276491537901,109.23714310623136,23.06810144334355,398.2391662597656
Q2-019,4237.92922337854,109.2374228037584,23.070750726917375,398.2391662597656
Q2-019,4257.58195521918,109.23770250128544,23.0734000104912,398.2391662597656
Q2-019,4277.2346870598185,109.23798219881249,23.07604929406502,398.2391662597656
Q2-019,4296.887418900458,109.2381714,23.0778414,385.5218547251129
Q2-019,4316.540150741097,109.2381714,23.0778414,346.2163910438353
Q2-019,4336.192882581737,109.2381714,23.0778414,306.91092736255587
Q2-019,4355.8456144223765,109.2381714,23.0778414,267.60546368127643
Q2-019,4375.498346263015,109.2381714,23.0778414,228.3
Q2-019,4395.298346263015,109.2381714,23.0778414,228.3
Q2-019,4415.098346263016,109.2381714,23.0778414,228.3
Q2-019,4434.898346263015,109.2381714,23.0778414,228.3
Q2-019,4454.698346263015,109.2381714,23.0778414,228.3
Q2-019,4474.498346263015,109.2381714,23.0778414,228.3
Q2-019,4494.298346263015,109.2381714,23.0778414,228.3
Q2-019,4514.098346263016,109.2381714,23.0778414,228.3
Q2-019,4533.898346263015,109.2381714,23.0778414,228.3
Q2-019,4553.698346263015,109.2381714,23.0778414,228.3
Q2-019,4573.498346263015,109.2381714,23.0778414,228.3
Q2-019,4593.298346263015,109.2381714,23.0778414,228.3
Q2-019,4613.098346263016,109.2381714,23.0778414,228.3
Q2-019,4632.898346263015,109.2381714,23.0778414,228.3
Q2-019,4652.698346263015,109.2381714,23.0778414,228.3
Q2-019,4672.498346263015,109.2381714,23.0778414,228.3
Q2-019,4692.298346263015,109.2381714,23.0778414,228.3
Q2-019,4712.098346263016,109.2381714,23.0778414,228.3
Q2-019,4731.898346263015,109.2381714,23.0778414,228.3
Q2-019,4751.698346263015,109.2381714,23.0778414,228.3
Q2-019,4771.498346263015,109.2381714,23.0778414,228.3
Q2-019,4791.430522548099,109.2381714,23.0778414,278.1304407127114
Q2-019,4811.362698833183,109.2381714,23.0778414,327.96088142541936
Q2-019,4831.294875118267,109.2381714,23.0778414,377.7913221381296
Q2-019,4851.22705140335,109.23800413084533,23.07625703338601,398.2391662597656
Q2-019,4871.159227688434,109.23772045626713,23.073570079345686,398.2391662597656
Q2-019,4891.091403973518,109.23743678168891,23.07088312530536,398.2391662597656
Q2-019,4911.023580258601,109.2371531071107,23.068196171265036,398.2391662597656
Q2-019,4930.955756543685,109.2368694325325,23.06550921722471,398.2391662597656
Q2-019,4950.887932828769,109.23658575795429,23.062822263184387,398.2391662597656
Q2-019,4970.820109113853,109.23630208337607,23.060135309144062,398.2391662597656
Q2-020,5058.692625427628,109.26954112837092,23.011144943448826,618.5668334960938
Q2-020,5078.6091082634575,109.27166231735062,23.010249223025657,618.5668334960938
Q2-020,5098.525591099287,109.2737835063303,23.009353502602487,618.5668334960938
Q2-020,5118.442073935117,109.27590469531,23.00845778217932,618.5668334960938
Q2-020,5138.358556770948,109.27802588428969,23.00756206175615,618.5668334960938
Q2-020,5158.275039606778,109.28014707326939,23.00666634133298,618.5668334960938
Q2-020,5178.1915224426075,109.28226826224908,23.00577062090981,618.5668334960938
Q2-020,5198.108005278437,109.2835966,23.0052097,599.9560354478749
Q2-020,5218.024488114267,109.2835966,23.0052097,550.1648283583004
Q2-020,5237.940970950098,109.2835966,23.0052097,500.3736212687236
Q2-020,5257.857453785928,109.2835966,23.0052097,450.58241417914905
Q2-020,5277.7739366217575,109.2835966,23.0052097,400.7912070895745
Q2-020,5297.690419457587,109.2835966,23.0052097,351.0
Q2-020,5317.690419457587,109.2835966,23.0052097,351.0
Q2-020,5337.690419457587,109.2835966,23.0052097,351.0
Q2-020,5357.690419457587,109.2835966,23.0052097,351.0
Q2-020,5377.690419457587,109.2835966,23.0052097,351.0
Q2-020,5397.690419457587,109.2835966,23.0052097,351.0
Q2-020,5417.690419457587,109.2835966,23.0052097,351.0
Q2-020,5437.690419457587,109.2835966,23.0052097,351.0
Q2-020,5457.690419457587,109.2835966,23.0052097,351.0
Q2-020,5477.690419457587,109.2835966,23.0052097,351.0
Q2-020,5497.625092837631,109.2835966,23.0052097,410.8040201401318
Q2-020,5517.559766217676,109.2835966,23.0052097,470.6080402802663
Q2-020,5537.49443959772,109.2835966,23.0052097,530.4120604203981
Q2-020,5557.429112977765,109.2835966,23.0052097,590.2160805605326
Q2-020,5577.363786357809,109.28133588823316,23.005351133516573,591.9473876953125
Q2-020,5597.298459737854,109.27900777843705,23.005496783554875,591.9473876953125
Q2-020,5617.2331331178975,109.27667966864094,23.005642433593177,591.9473876953125
Q2-020,5637.167806497942,109.27435155884483,23.005788083631476,591.9473876953125
Q2-020,5657.102479877986,109.27202344904872,23.005933733669778,591.9473876953125
Q2-020,5677.03715325803,109.2696953392526,23.00607938370808,591.9473876953125
Q2-021,4508.005788754701,109.2288331263959,23.046188090144216,326.410888671875
Q2-021,4527.894999241073,109.22868898009153,23.048878717581275,326.410888671875
Q2-021,4547.784209727445,109.22854483378717,23.051569345018336,326.410888671875
Q2-021,4567.673420213817,109.2284006874828,23.054259972455394,326.410888671875
Q2-021,4587.562630700189,109.2283003,23.0561338,314.3352629182342
Q2-021,4607.451841186562,109.2283003,23.0561338,274.55684194548905
Q2-021,4627.341051672934,109.2283003,23.0561338,234.77842097274572
Q2-021,4647.230262159306,109.2283003,23.0561338,195.00000000000057
Q2-021,4667.030262159306,109.2283003,23.0561338,195.0
Q2-021,4686.830262159307,109.2283003,23.0561338,195.0
Q2-021,4706.630262159306,109.2283003,23.0561338,195.0
Q2-021,4726.430262159306,109.2283003,23.0561338,195.0
Q2-021,4746.230262159306,109.2283003,23.0561338,195.0
Q2-021,4766.030262159306,109.2283003,23.0561338,195.0
Q2-021,4785.830262159307,109.2283003,23.0561338,195.0
Q2-021,4805.630262159306,109.2283003,23.0561338,195.0
Q2-021,4825.430262159306,109.2283003,23.0561338,195.0
Q2-021,4845.230262159306,109.2283003,23.0561338,195.0
Q2-021,4865.030262159306,109.2283003,23.0561338,195.0
Q2-021,4884.830262159307,109.2283003,23.0561338,195.0
Q2-021,4904.630262159306,109.2283003,23.0561338,195.0
Q2-021,4924.430262159306,109.2283003,23.0561338,195.0
Q2-021,4944.230262159306,109.2283003,23.0561338,195.0
Q2-021,4964.030262159306,109.2283003,23.0561338,195.0
Q2-021,4983.830262159307,109.2283003,23.0561338,195.0
Q2-021,5003.630262159306,109.2283003,23.0561338,195.0
Q2-021,5023.430262159306,109.2283003,23.0561338,195.0
Q2-021,5043.230262159306,109.2283003,23.0561338,195.0
Q2-021,5062.613349165434,109.2283003,23.0561338,243.45771751531743
Q2-021,5081.996436171561,109.2283003,23.0561338,291.915435030636
Q2-021,5101.379523177688,109.22834077639276,23.055378269753312,326.410888671875
Q2-021,5120.762610183815,109.22848125458624,23.05275611108345,326.410888671875
Q2-021,5140.145697189942,109.22862173277974,23.050133952413585,326.410888671875
Q2-021,5159.52878419607,109.22876221097323,23.04751179374372,326.410888671875
Q2-021,5178.911871202196,109.22890268916672,23.044889635073858,326.410888671875
Q2-022,4532.593134444108,109.1965506125961,23.026083288840745,561.8041381835938
Q2-022,4552.576181712612,109.19450386094988,23.02713191977237,561.8041381835938
Q2-022,4572.559228981117,109.19245710930365,23.028180550703993,561.8041381835938
Q2-022,4592.542276249621,109.19041035765743,23.02922918163562,561.8041381835938
Q2-022,4612.525323518125,109.18836360601121,23.030277812567245,561.8041381835938
Q2-022,4632.50837078663,109.18631685436499,23.03132644349887,561.8041381835938
Q2-022,4652.491418055135,109.18427010271877,23.032375074430497,561.8041381835938
Q2-022,4672.474465323639,109.18222335107255,23.03342370536212,561.8041381835938
Q2-022,4692.457512592144,109.18017659942633,23.034472336293746,561.8041381835938
Q2-022,4712.440559860648,109.17812984778011,23.035520967225374,561.8041381835938
Q2-022,4732.4236071291525,109.1760830961339,23.036569598156998,561.8041381835938
Q2-022,4752.406654397657,109.17403634448766,23.037618229088622,561.8041381835938
Q2-022,4772.389701666161,109.17198959284144,23.03866686002025,561.8041381835938
Q2-022,4792.372748934666,109.16994284119522,23.039715490951874,561.8041381835938
Q2-022,4812.355796203171,109.1688578,23.0402714,538.3304726850444
Q2-022,4832.338843471675,109.1688578,23.0402714,488.3728545137834
Q2-022,4852.32189074018,109.1688578,23.0402714,438.41523634252246
Q2-022,4872.304938008684,109.1688578,23.0402714,388.4576181712615
Q2-022,4892.287985277188,109.1688578,23.0402714,338.50000000000057
Q2-022,4911.3788943680975,109.1688578,23.0402714,338.5
Q2-022,4930.4698034590065,109.1688578,23.0402714,338.5
Q2-022,4949.5607125499155,109.1688578,23.0402714,338.5
Q2-022,4968.6516216408245,109.1688578,23.0402714,338.5
Q2-022,4987.7425307317335,109.1688578,23.0402714,338.5
Q2-022,5006.833439822643,109.1688578,23.0402714,338.5
Q2-022,5025.924348913552,109.1688578,23.0402714,338.5
Q2-022,5045.015258004461,109.1688578,23.0402714,338.5
Q2-022,5064.10616709537,109.1688578,23.0402714,338.5
Q2-022,5083.197076186279,109.1688578,23.0402714,338.5
Q2-022,5102.287985277188,109.1688578,23.0402714,338.5
Q2-022,5122.133132221619,109.1688578,23.0402714,398.03544083329166
Q2-022,5141.97827916605,109.1688578,23.0402714,457.570881666584
Q2-022,5161.823426110481,109.1688578,23.0402714,517.1063224998763
Q2-022,5181.668573054912,109.1693643782893,23.04001186012645,561.8041381835938
Q2-022,5201.513719999342,109.17139700557743,23.03897046565598,561.8041381835938
Q2-022,5221.358866943773,109.17342963286556,23.03792907118551,561.8041381835938
Q2-022,5241.204013888204,109.1754622601537,23.036887676715036,561.8041381835938
Q2-022,5261.049160832635,109.17749488744182,23.035846282244567,561.8041381835938
Q2-022,5280.8943077770655,109.17952751472995,23.034804887774094,561.8041381835938
Q2-022,5300.739454721496,109.1815601420181,23.033763493303624,561.8041381835938
Q2-022,5320.584601665927,109.18359276930623,23.032722098833155,561.8041381835938
Q2-022,5340.429748610357,109.18562539659436,23.03168070436268,561.8041381835938
Q2-022,5360.274895554788,109.18765802388249,23.030639309892212,561.8041381835938
Q2-022,5380.1200424992185,109.18969065117062,23.02959791542174,561.8041381835938
Q2-022,5399.965189443649,109.19172327845875,23.02855652095127,561.8041381835938
Q2-022,5419.81033638808,109.19375590574688,23.027515126480797,561.8041381835938
Q2-022,5439.655483332511,109.19578853303501,23.026473732010327,561.8041381835938
Q2-023,5755.970413840618,109.19573689804956,23.026500186633196,561.8041381835938
Q2-023,5775.921385928266,109.19318256509327,23.02780887132515,561.8041381835938
Q2-023,5795.872358015914,109.19062823213697,23.029117556017102,561.8041381835938
Q2-023,5815.8233301035625,109.18807389918068,23.030426240709055,561.8041381835938
Q2-023,5835.774302191211,109.18551956622439,23.03173492540101,561.8041381835938
Q2-023,5855.72527427886,109.18296523326809,23.033043610092964,561.8041381835938
Q2-023,5875.676246366508,109.1804109003118,23.034352294784917,561.8041381835938
Q2-023,5895.627218454157,109.1778565673555,23.035660979476873,561.8041381835938
Q2-023,5915.578190541805,109.17530223439921,23.036969664168826,561.8041381835938
Q2-023,5935.529162629454,109.17274790144292,23.03827834886078,561.8041381835938
Q2-023,5955.4801347171015,109.17019356848662,23.03958703355273,561.8041381835938
Q2-023,5975.43110680475,109.1688578,23.0402714,538.0097208764867
Q2-023,5995.382078892399,109.1688578,23.0402714,488.1322906573653
Q2-023,6015.333050980047,109.1688578,23.0402714,438.2548604382439
Q2-023,6035.284023067696,109.1688578,23.0402714,388.3774302191225
Q2-023,6055.234995155344,109.1688578,23.0402714,338.50000000000114
Q2-023,6074.325904246253,109.1688578,23.0402714,338.5
Q2-023,6093.416813337162,109.1688578,23.0402714,338.5
Q2-023,6112.507722428071,109.1688578,23.0402714,338.5
Q2-023,6131.59863151898,109.1688578,23.0402714,338.5
Q2-023,6150.689540609889,109.1688578,23.0402714,338.5
Q2-023,6169.780449700799,109.1688578,23.0402714,338.5
Q2-023,6188.871358791708,109.1688578,23.0402714,338.5
Q2-023,6207.962267882617,109.1688578,23.0402714,338.5
Q2-023,6227.053176973526,109.1688578,23.0402714,338.5
Q2-023,6246.144086064435,109.1688578,23.0402714,338.5
Q2-023,6265.234995155344,109.1688578,23.0402714,338.5
Q2-023,6285.026571600984,109.1688578,23.0402714,397.87472933691924
Q2-023,6304.818148046624,109.1688578,23.0402714,457.2494586738371
Q2-023,6324.609724492264,109.1688578,23.0402714,516.6241880107577
Q2-023,6344.401300937904,109.16946358823039,23.039961030992817,561.8041381835938
Q2-023,6364.192877383544,109.17199751368274,23.038662801863417,561.8041381835938
Q2-023,6383.984453829184,109.1745314391351,23.037364572734013,561.8041381835938
Q2-023,6403.776030274824,109.17706536458745,23.036066343604613,561.8041381835938
Q2-023,6423.567606720464,109.1795992900398,23.034768114475213,561.8041381835938
Q2-023,6443.359183166104,109.18213321549216,23.033469885345813,561.8041381835938
Q2-023,6463.1507596117435,109.18466714094451,23.032171656216413,561.8041381835938
Q2-023,6482.942336057384,109.18720106639687,23.030873427087013,561.8041381835938
Q2-023,6502.733912503024,109.18973499184922,23.029575197957612,561.8041381835938
Q2-023,6522.525488948663,109.19226891730158,23.028276968828212,561.8041381835938
Q2-023,6542.317065394303,109.19480284275393,23.026978739698812,561.8041381835938
Q2-024,5843.907286386378,109.22052650189912,23.049002617761822,372.9093322753906
Q2-024,5863.352650705697,109.21987286811917,23.051566023264186,372.9093322753906
Q2-024,5882.798015025015,109.2192192343392,23.05412942876655,372.9093322753906
Q2-024,5902.243379344334,109.21856560055926,23.05669283426891,372.9093322753906
Q2-024,5921.688743663653,109.2179119667793,23.059256239771276,372.9093322753906
Q2-024,5941.134107982972,109.21725833299935,23.06181964527364,372.9093322753906
Q2-024,5960.579472302291,109.21660469921939,23.064383050776005,372.9093322753906
Q2-024,5980.024836621609,109.21595106543944,23.06694645627837,372.9093322753906
Q2-024,5999.470200940928,109.21529743165948,23.069509861780734,372.9093322753906
Q2-024,6018.915565260248,109.21464379787953,23.0720732672831,372.9093322753906
Q2-024,6038.360929579566,109.21399016409957,23.074636672785463,372.9093322753906
Q2-024,6057.806293898885,109.21333653031962,23.077200078287824,372.9093322753906
Q2-024,6077.251658218204,109.2127472,23.0795113,368.1268215965941
Q2-024,6096.697022537523,109.2127472,23.0795113,319.51341079829837
Q2-024,6116.142386856842,109.2127472,23.0795113,270.9000000000004
Q2-024,6135.233295947751,109.2127472,23.0795113,270.9
Q2-024,6154.32420503866,109.2127472,23.0795113,270.9
Q2-024,6173.415114129569,109.2127472,23.0795113,270.9
Q2-024,6192.506023220478,109.2127472,23.0795113,270.9
Q2-024,6211.596932311387,109.2127472,23.0795113,270.9
Q2-024,6230.687841402297,109.2127472,23.0795113,270.9
Q2-024,6249.778750493206,109.2127472,23.0795113,270.9
Q2-024,6268.869659584115,109.2127472,23.0795113,270.9
Q2-024,6287.960568675024,109.2127472,23.0795113,270.9
Q2-024,6307.051477765933,109.2127472,23.0795113,270.9
Q2-024,6326.142386856842,109.2127472,23.0795113,270.9
Q2-024,6345.868535489886,109.2127472,23.0795113,330.07844589913327
Q2-024,6365.594684122931,109.21293036819968,23.078792955285667,372.9093322753906
Q2-024,6385.320832755975,109.21359344022463,23.076192535097285,372.9093322753906
Q2-024,6405.0469813890195,109.21425651224956,23.073592114908905,372.9093322753906
Q2-024,6424.773130022064,109.21491958427451,23.070991694720522,372.9093322753906
Q2-024,6444.499278655108,109.21558265629946,23.06839127453214,372.9093322753906
Q2-024,6464.225427288153,109.2162457283244,23.06579085434376,372.9093322753906
Q2-024,6483.951575921197,109.21690880034934,23.063190434155377,372.9093322753906
Q2-024,6503.677724554241,109.21757187237428,23.060590013966994,372.9093322753906
Q2-024,6523.403873187285,109.21823494439923,23.05798959377861,372.9093322753906
Q2-024,6543.13002182033,109.21889801642416,23.055389173590232,372.9093322753906
Q2-024,6562.856170453374,109.21956108844911,23.05278875340185,372.9093322753906
Q2-024,6582.5823190864185,109.22022416047405,23.050188333213466,372.9093322753906
Q2-024,6602.308467719463,109.220887232499,23.047587913025087,372.9093322753906
