rho,area,model,max_safe_kg
0.0,S001,A,25.0
0.0,S001,B,30.0
0.0,S001,C,80.0
0.0,S002,A,25.0
0.0,S002,B,30.0
0.0,S002,C,80.0
0.0,S003,A,25.0
0.0,S003,B,30.0
0.0,S003,C,80.0
0.0,S004,A,25.0
0.0,S004,B,30.0
0.0,S004,C,80.0
0.0,S005,A,25.0
0.0,S005,B,30.0
0.0,S005,C,80.0
0.0,S006,A,25.0
0.0,S006,B,30.0
0.0,S006,C,80.0
0.0,S007,A,25.0
0.0,S007,B,30.0
0.0,S007,C,80.0
0.0,S008,A,25.0
0.0,S008,B,30.0
0.0,S008,C,79.6776049118489
0.0,S009,A,25.0
0.0,S009,B,30.0
0.0,S009,C,80.0
0.0,S010,A,25.0
0.0,S010,B,30.0
0.0,S010,C,80.0
0.0,S011,A,25.0
0.0,S011,B,30.0
0.0,S011,C,80.0
0.0,S012,A,25.0
0.0,S012,B,30.0
0.0,S012,C,80.0
0.0,S013,A,25.0
0.0,S013,B,30.0
0.0,S013,C,80.0
0.0,S014,A,25.0
0.0,S014,B,30.0
0.0,S014,C,80.0
0.0,S015,A,25.0
0.0,S015,B,30.0
0.0,S015,C,80.0
0.01,S001,A,25.0
0.01,S001,B,30.0
0.01,S001,C,80.0
0.01,S002,A,25.0
0.01,S002,B,30.0
0.01,S002,C,80.0
0.01,S003,A,25.0
0.01,S003,B,30.0
0.01,S003,C,80.0
0.01,S004,A,25.0
0.01,S004,B,30.0
0.01,S004,C,80.0
0.01,S005,A,25.0
0.01,S005,B,30.0
0.01,S005,C,80.0
0.01,S006,A,25.0
0.01,S006,B,30.0
0.01,S006,C,80.0
0.01,S007,A,25.0
0.01,S007,B,30.0
0.01,S007,C,80.0
0.01,S008,A,25.0
0.01,S008,B,30.0
0.01,S008,C,78.98134763352573
0.01,S009,A,25.0
0.01,S009,B,30.0
0.01,S009,C,80.0
0.01,S010,A,25.0
0.01,S010,B,30.0
0.01,S010,C,80.0
0.01,S011,A,25.0
0.01,S011,B,30.0
0.01,S011,C,80.0
0.01,S012,A,25.0
0.01,S012,B,30.0
0.01,S012,C,80.0
0.01,S013,A,25.0
0.01,S013,B,30.0
0.01,S013,C,80.0
0.01,S014,A,25.0
0.01,S014,B,30.0
0.01,S014,C,80.0
0.01,S015,A,25.0
0.01,S015,B,30.0
0.01,S015,C,80.0
0.02,S001,A,25.0
0.02,S001,B,30.0
0.02,S001,C,80.0
0.02,S002,A,25.0
0.02,S002,B,30.0
0.02,S002,C,80.0
0.02,S003,A,25.0
0.02,S003,B,30.0
0.02,S003,C,80.0
0.02,S004,A,25.0
0.02,S004,B,30.0
0.02,S004,C,80.0
0.02,S005,A,25.0
0.02,S005,B,30.0
0.02,S005,C,80.0
0.02,S006,A,25.0
0.02,S006,B,30.0
0.02,S006,C,80.0
0.02,S007,A,25.0
0.02,S007,B,30.0
0.02,S007,C,80.0
0.02,S008,A,25.0
0.02,S008,B,30.0
0.02,S008,C,78.26078017242253
0.02,S009,A,25.0
0.02,S009,B,30.0
0.02,S009,C,80.0
0.02,S010,A,25.0
0.02,S010,B,30.0
0.02,S010,C,80.0
0.02,S011,A,25.0
0.02,S011,B,30.0
0.02,S011,C,80.0
0.02,S012,A,25.0
0.02,S012,B,30.0
0.02,S012,C,80.0
0.02,S013,A,25.0
0.02,S013,B,30.0
0.02,S013,C,80.0
0.02,S014,A,25.0
0.02,S014,B,30.0
0.02,S014,C,80.0
0.02,S015,A,25.0
0.02,S015,B,30.0
0.02,S015,C,80.0
0.03,S001,A,25.0
0.03,S001,B,30.0
0.03,S001,C,80.0
0.03,S002,A,25.0
0.03,S002,B,30.0
0.03,S002,C,80.0
0.03,S003,A,25.0
0.03,S003,B,30.0
0.03,S003,C,80.0
0.03,S004,A,25.0
0.03,S004,B,30.0
0.03,S004,C,80.0
0.03,S005,A,25.0
0.03,S005,B,30.0
0.03,S005,C,80.0
0.03,S006,A,25.0
0.03,S006,B,30.0
0.03,S006,C,80.0
0.03,S007,A,25.0
0.03,S007,B,30.0
0.03,S007,C,80.0
0.03,S008,A,25.0
0.03,S008,B,30.0
0.03,S008,C,77.51457864418626
0.03,S009,A,25.0
0.03,S009,B,30.0
0.03,S009,C,80.0
0.03,S010,A,25.0
0.03,S010,B,30.0
0.03,S010,C,80.0
0.03,S011,A,25.0
0.03,S011,B,30.0
0.03,S011,C,80.0
0.03,S012,A,25.0
0.03,S012,B,30.0
0.03,S012,C,80.0
0.03,S013,A,25.0
0.03,S013,B,30.0
0.03,S013,C,80.0
0.03,S014,A,25.0
0.03,S014,B,30.0
0.03,S014,C,80.0
0.03,S015,A,25.0
0.03,S015,B,30.0
0.03,S015,C,80.0
0.04,S001,A,25.0
0.04,S001,B,30.0
0.04,S001,C,80.0
0.04,S002,A,25.0
0.04,S002,B,30.0
0.04,S002,C,80.0
0.04,S003,A,25.0
0.04,S003,B,30.0
0.04,S003,C,80.0
0.04,S004,A,25.0
0.04,S004,B,30.0
0.04,S004,C,79.68641821295023
0.04,S005,A,25.0
0.04,S005,B,30.0
0.04,S005,C,80.0
0.04,S006,A,25.0
0.04,S006,B,30.0
0.04,S006,C,80.0
0.04,S007,A,25.0
0.04,S007,B,30.0
0.04,S007,C,80.0
0.04,S008,A,25.0
0.04,S008,B,30.0
0.04,S008,C,76.74131841398776
0.04,S009,A,25.0
0.04,S009,B,30.0
0.04,S009,C,80.0
0.04,S010,A,25.0
0.04,S010,B,30.0
0.04,S010,C,80.0
0.04,S011,A,25.0
0.04,S011,B,30.0
0.04,S011,C,80.0
0.04,S012,A,25.0
0.04,S012,B,30.0
0.04,S012,C,80.0
0.04,S013,A,25.0
0.04,S013,B,30.0
0.04,S013,C,80.0
0.04,S014,A,25.0
0.04,S014,B,30.0
0.04,S014,C,80.0
0.04,S015,A,25.0
0.04,S015,B,30.0
0.04,S015,C,80.0
0.05,S001,A,25.0
0.05,S001,B,30.0
0.05,S001,C,80.0
0.05,S002,A,25.0
0.05,S002,B,30.0
0.05,S002,C,80.0
0.05,S003,A,25.0
0.05,S003,B,30.0
0.05,S003,C,80.0
0.05,S004,A,25.0
0.05,S004,B,30.0
0.05,S004,C,78.95793893374503
0.05,S005,A,25.0
0.05,S005,B,30.0
0.05,S005,C,80.0
0.05,S006,A,25.0
0.05,S006,B,30.0
0.05,S006,C,80.0
0.05,S007,A,25.0
0.05,S007,B,30.0
0.05,S007,C,80.0
0.05,S008,A,25.0
0.05,S008,B,30.0
0.05,S008,C,75.9394639544189
0.05,S009,A,25.0
0.05,S009,B,30.0
0.05,S009,C,80.0
0.05,S010,A,25.0
0.05,S010,B,30.0
0.05,S010,C,80.0
0.05,S011,A,25.0
0.05,S011,B,30.0
0.05,S011,C,80.0
0.05,S012,A,25.0
0.05,S012,B,30.0
0.05,S012,C,80.0
0.05,S013,A,25.0
0.05,S013,B,30.0
0.05,S013,C,80.0
0.05,S014,A,25.0
0.05,S014,B,30.0
0.05,S014,C,80.0
0.05,S015,A,25.0
0.05,S015,B,30.0
0.05,S015,C,80.0
0.06,S001,A,25.0
0.06,S001,B,30.0
0.06,S001,C,80.0
0.06,S002,A,25.0
0.06,S002,B,30.0
0.06,S002,C,80.0
0.06,S003,A,25.0
0.06,S003,B,30.0
0.06,S003,C,80.0
0.06,S004,A,25.0
0.06,S004,B,30.0
0.06,S004,C,78.20285419933498
0.06,S005,A,25.0
0.06,S005,B,30.0
0.06,S005,C,80.0
0.06,S006,A,25.0
0.06,S006,B,30.0
0.06,S006,C,80.0
0.06,S007,A,25.0
0.06,S007,B,30.0
0.06,S007,C,80.0
0.06,S008,A,25.0
0.06,S008,B,30.0
0.06,S008,C,75.10735739953816
0.06,S009,A,25.0
0.06,S009,B,30.0
0.06,S009,C,80.0
0.06,S010,A,25.0
0.06,S010,B,30.0
0.06,S010,C,80.0
0.06,S011,A,25.0
0.06,S011,B,30.0
0.06,S011,C,80.0
0.06,S012,A,25.0
0.06,S012,B,30.0
0.06,S012,C,80.0
0.06,S013,A,25.0
0.06,S013,B,30.0
0.06,S013,C,80.0
0.06,S014,A,25.0
0.06,S014,B,30.0
0.06,S014,C,80.0
0.06,S015,A,25.0
0.06,S015,B,30.0
0.06,S015,C,80.0
0.07,S001,A,25.0
0.07,S001,B,30.0
0.07,S001,C,80.0
0.07,S002,A,25.0
0.07,S002,B,30.0
0.07,S002,C,80.0
0.07,S003,A,25.0
0.07,S003,B,30.0
0.07,S003,C,80.0
0.07,S004,A,25.0
0.07,S004,B,30.0
0.07,S004,C,77.41964906454086
0.07,S005,A,25.0
0.07,S005,B,30.0
0.07,S005,C,80.0
0.07,S006,A,25.0
0.07,S006,B,30.0
0.07,S006,C,80.0
0.07,S007,A,25.0
0.07,S007,B,30.0
0.07,S007,C,80.0
0.07,S008,A,25.0
0.07,S008,B,30.0
0.07,S008,C,74.2432055901736
0.07,S009,A,25.0
0.07,S009,B,30.0
0.07,S009,C,80.0
0.07,S010,A,25.0
0.07,S010,B,30.0
0.07,S010,C,80.0
0.07,S011,A,25.0
0.07,S011,B,30.0
0.07,S011,C,80.0
0.07,S012,A,25.0
0.07,S012,B,30.0
0.07,S012,C,80.0
0.07,S013,A,25.0
0.07,S013,B,30.0
0.07,S013,C,80.0
0.07,S014,A,25.0
0.07,S014,B,30.0
0.07,S014,C,80.0
0.07,S015,A,25.0
0.07,S015,B,30.0
0.07,S015,C,80.0
0.08,S001,A,25.0
0.08,S001,B,30.0
0.08,S001,C,80.0
0.08,S002,A,25.0
0.08,S002,B,30.0
0.08,S002,C,80.0
0.08,S003,A,25.0
0.08,S003,B,30.0
0.08,S003,C,79.79162136092782
0.08,S004,A,25.0
0.08,S004,B,30.0
0.08,S004,C,76.60668801516294
0.08,S005,A,25.0
0.08,S005,B,30.0
0.08,S005,C,80.0
0.08,S006,A,25.0
0.08,S006,B,30.0
0.08,S006,C,80.0
0.08,S007,A,25.0
0.08,S007,B,30.0
0.08,S007,C,80.0
0.08,S008,A,25.0
0.08,S008,B,30.0
0.08,S008,C,73.34506536833942
0.08,S009,A,25.0
0.08,S009,B,30.0
0.08,S009,C,80.0
0.08,S010,A,25.0
0.08,S010,B,30.0
0.08,S010,C,80.0
0.08,S011,A,25.0
0.08,S011,B,30.0
0.08,S011,C,80.0
0.08,S012,A,25.0
0.08,S012,B,30.0
0.08,S012,C,79.64470477774739
0.08,S013,A,25.0
0.08,S013,B,30.0
0.08,S013,C,80.0
0.08,S014,A,25.0
0.08,S014,B,30.0
0.08,S014,C,80.0
0.08,S015,A,25.0
0.08,S015,B,30.0
0.08,S015,C,80.0
0.09,S001,A,25.0
0.09,S001,B,30.0
0.09,S001,C,80.0
0.09,S002,A,25.0
0.09,S002,B,30.0
0.09,S002,C,79.36709993518889
0.09,S003,A,25.0
0.09,S003,B,30.0
0.09,S003,C,79.02613657526672
0.09,S004,A,25.0
0.09,S004,B,30.0
0.09,S004,C,75.7622023485601
0.09,S005,A,25.0
0.09,S005,B,30.0
0.09,S005,C,80.0
0.09,S006,A,25.0
0.09,S006,B,30.0
0.09,S006,C,80.0
0.09,S007,A,25.0
0.09,S007,B,30.0
0.09,S007,C,80.0
0.09,S008,A,25.0
0.09,S008,B,30.0
0.09,S008,C,72.41082672961056
0.09,S009,A,25.0
0.09,S009,B,30.0
0.09,S009,C,80.0
0.09,S010,A,25.0
0.09,S010,B,30.0
0.09,S010,C,80.0
0.09,S011,A,25.0
0.09,S011,B,30.0
0.09,S011,C,80.0
0.09,S012,A,25.0
0.09,S012,B,30.0
0.09,S012,C,78.88283256441355
0.09,S013,A,25.0
0.09,S013,B,30.0
0.09,S013,C,80.0
0.09,S014,A,25.0
0.09,S014,B,30.0
0.09,S014,C,80.0
0.09,S015,A,25.0
0.09,S015,B,30.0
0.09,S015,C,80.0
0.1,S001,A,25.0
0.1,S001,B,30.0
0.1,S001,C,80.0
0.1,S002,A,25.0
0.1,S002,B,30.0
0.1,S002,C,78.59389587305486
0.1,S003,A,25.0
0.1,S003,B,30.0
0.1,S003,C,78.23137502186
0.1,S004,A,25.0
0.1,S004,B,30.0
0.1,S004,C,74.88427573814988
0.1,S005,A,25.0
0.1,S005,B,30.0
0.1,S005,C,80.0
0.1,S006,A,25.0
0.1,S006,B,30.0
0.1,S006,C,80.0
0.1,S007,A,25.0
0.1,S007,B,30.0
0.1,S007,C,80.0
0.1,S008,A,25.0
0.1,S008,B,30.0
0.1,S008,C,71.43819364719093
0.1,S009,A,25.0
0.1,S009,B,30.0
0.1,S009,C,80.0
0.1,S010,A,25.0
0.1,S010,B,30.0
0.1,S010,C,80.0
0.1,S011,A,25.0
0.1,S011,B,30.0
0.1,S011,C,80.0
0.1,S012,A,25.0
0.1,S012,B,30.0
0.1,S012,C,78.09189213439822
0.1,S013,A,25.0
0.1,S013,B,30.0
0.1,S013,C,80.0
0.1,S014,A,25.0
0.1,S014,B,30.0
0.1,S014,C,80.0
0.1,S015,A,25.0
0.1,S015,B,30.0
0.1,S015,C,80.0
0.11,S001,A,25.0
0.11,S001,B,30.0
0.11,S001,C,80.0
0.11,S002,A,25.0
0.11,S002,B,30.0
0.11,S002,C,77.79081795364618
0.11,S003,A,25.0
0.11,S003,B,30.0
0.11,S003,C,77.40560154430568
0.11,S004,A,25.0
0.11,S004,B,30.0
0.11,S004,C,73.97082784213126
0.11,S005,A,25.0
0.11,S005,B,30.0
0.11,S005,C,80.0
0.11,S006,A,25.0
0.11,S006,B,30.0
0.11,S006,C,80.0
0.11,S007,A,25.0
0.11,S007,B,30.0
0.11,S007,C,80.0
0.11,S008,A,25.0
0.11,S008,B,30.0
0.11,S008,C,70.42466191574931
0.11,S009,A,25.0
0.11,S009,B,30.0
0.11,S009,C,80.0
0.11,S010,A,25.0
0.11,S010,B,30.0
0.11,S010,C,80.0
0.11,S011,A,25.0
0.11,S011,B,30.0
0.11,S011,C,80.0
0.11,S012,A,25.0
0.11,S012,B,30.0
0.11,S012,C,77.27015430107713
0.11,S013,A,25.0
0.11,S013,B,30.0
0.11,S013,C,80.0
0.11,S014,A,25.0
0.11,S014,B,30.0
0.11,S014,C,80.0
0.11,S015,A,25.0
0.11,S015,B,30.0
0.11,S015,C,80.0
0.12,S001,A,25.0
0.12,S001,B,30.0
0.12,S001,C,80.0
0.12,S002,A,25.0
0.12,S002,B,30.0
0.12,S002,C,76.95605795830488
0.12,S003,A,25.0
0.12,S003,B,30.0
0.12,S003,C,76.54693812131882
0.12,S004,A,25.0
0.12,S004,B,30.0
0.12,S004,C,73.01959559321404
0.12,S005,A,25.0
0.12,S005,B,30.0
0.12,S005,C,80.0
0.12,S006,A,25.0
0.12,S006,B,30.0
0.12,S006,C,80.0
0.12,S007,A,25.0
0.12,S007,B,30.0
0.12,S007,C,80.0
0.12,S008,A,25.0
0.12,S008,B,30.0
0.12,S008,C,69.36749355867505
0.12,S009,A,25.0
0.12,S009,B,30.0
0.12,S009,C,80.0
0.12,S010,A,25.0
0.12,S010,B,30.0
0.12,S010,C,80.0
0.12,S011,A,25.0
0.12,S011,B,30.0
0.12,S011,C,80.0
0.12,S012,A,25.0
0.12,S012,B,30.0
0.12,S012,C,76.41574610956013
0.12,S013,A,25.0
0.12,S013,B,30.0
0.12,S013,C,80.0
0.12,S014,A,25.0
0.12,S014,B,30.0
0.12,S014,C,80.0
0.12,S015,A,25.0
0.12,S015,B,30.0
0.12,S015,C,80.0
0.13,S001,A,25.0
0.13,S001,B,30.0
0.13,S001,C,80.0
0.13,S002,A,25.0
0.13,S002,B,30.0
0.13,S002,C,76.08765392564237
0.13,S003,A,25.0
0.13,S003,B,30.0
0.13,S003,C,75.6533483415842
0.13,S004,A,25.0
0.13,S004,B,30.0
0.13,S004,C,72.02811168506742
0.13,S005,A,25.0
0.13,S005,B,30.0
0.13,S005,C,80.0
0.13,S006,A,25.0
0.13,S006,B,30.0
0.13,S006,C,80.0
0.13,S007,A,25.0
0.13,S007,B,30.0
0.13,S007,C,80.0
0.13,S008,A,25.0
0.13,S008,B,30.0
0.13,S008,C,68.26368714682758
0.13,S009,A,25.0
0.13,S009,B,30.0
0.13,S009,C,80.0
0.13,S010,A,25.0
0.13,S010,B,30.0
0.13,S010,C,80.0
0.13,S011,A,25.0
0.13,S011,B,30.0
0.13,S011,C,80.0
0.13,S012,A,25.0
0.13,S012,B,30.0
0.13,S012,C,75.52663499489427
0.13,S013,A,25.0
0.13,S013,B,30.0
0.13,S013,C,80.0
0.13,S014,A,25.0
0.13,S014,B,30.0
0.13,S014,C,80.0
0.13,S015,A,25.0
0.13,S015,B,30.0
0.13,S015,C,80.0
0.14,S001,A,25.0
0.14,S001,B,30.0
0.14,S001,C,80.0
0.14,S002,A,25.0
0.14,S002,B,30.0
0.14,S002,C,75.18347278237343
0.14,S003,A,25.0
0.14,S003,B,30.0
0.14,S003,C,74.72261982038617
0.14,S004,A,25.0
0.14,S004,B,30.0
0.14,S004,C,70.9936797618866
0.14,S005,A,25.0
0.14,S005,B,30.0
0.14,S005,C,80.0
0.14,S006,A,25.0
0.14,S006,B,30.0
0.14,S006,C,80.0
0.14,S007,A,25.0
0.14,S007,B,30.0
0.14,S007,C,80.0
0.14,S008,A,25.0
0.14,S008,B,30.0
0.14,S008,C,67.10994310677052
0.14,S009,A,25.0
0.14,S009,B,30.0
0.14,S009,C,80.0
0.14,S010,A,25.0
0.14,S010,B,30.0
0.14,S010,C,80.0
0.14,S011,A,25.0
0.14,S011,B,30.0
0.14,S011,C,80.0
0.14,S012,A,25.0
0.14,S012,B,30.0
0.14,S012,C,74.6006107609719
0.14,S013,A,25.0
0.14,S013,B,30.0
0.14,S013,C,80.0
0.14,S014,A,25.0
0.14,S014,B,30.0
0.14,S014,C,80.0
0.14,S015,A,25.0
0.14,S015,B,30.0
0.14,S015,C,80.0
0.15,S001,A,25.0
0.15,S001,B,30.0
0.15,S001,C,80.0
0.15,S002,A,25.0
0.15,S002,B,30.0
0.15,S002,C,74.24119049683213
0.15,S003,A,25.0
0.15,S003,B,30.0
0.15,S003,C,73.75234399922192
0.15,S004,A,25.0
0.15,S004,B,30.0
0.15,S004,C,69.91334568709135
0.15,S005,A,25.0
0.15,S005,B,30.0
0.15,S005,C,80.0
0.15,S006,A,25.0
0.15,S006,B,30.0
0.15,S006,C,80.0
0.15,S007,A,25.0
0.15,S007,B,30.0
0.15,S007,C,80.0
0.15,S008,A,25.0
0.15,S008,B,30.0
0.15,S008,C,65.90262291021645
0.15,S009,A,25.0
0.15,S009,B,30.0
0.15,S009,C,80.0
0.15,S010,A,25.0
0.15,S010,B,30.0
0.15,S010,C,80.0
0.15,S011,A,25.0
0.15,S011,B,30.0
0.15,S011,C,80.0
0.15,S012,A,25.0
0.15,S012,B,30.0
0.15,S012,C,73.63526489585638
0.15,S013,A,25.0
0.15,S013,B,30.0
0.15,S013,C,80.0
0.15,S014,A,25.0
0.15,S014,B,30.0
0.15,S014,C,80.0
0.15,S015,A,25.0
0.15,S015,B,30.0
0.15,S015,C,80.0
0.16,S001,A,25.0
0.16,S001,B,30.0
0.16,S001,C,80.0
0.16,S002,A,25.0
0.16,S002,B,30.0
0.16,S002,C,73.2582691591233
0.16,S003,A,25.0
0.16,S003,B,30.0
0.16,S003,C,72.7398930862546
0.16,S004,A,25.0
0.16,S004,B,30.0
0.16,S004,C,68.78386406227946
0.16,S005,A,25.0
0.16,S005,B,30.0
0.16,S005,C,80.0
0.16,S006,A,25.0
0.16,S006,B,30.0
0.16,S006,C,80.0
0.16,S007,A,25.0
0.16,S007,B,30.0
0.16,S007,C,80.0
0.16,S008,A,25.0
0.16,S008,B,30.0
0.16,S008,C,64.63770086877048
0.16,S009,A,25.0
0.16,S009,B,30.0
0.16,S009,C,80.0
0.16,S010,A,25.0
0.16,S010,B,30.0
0.16,S010,C,80.0
0.16,S011,A,25.0
0.16,S011,B,30.0
0.16,S011,C,80.0
0.16,S012,A,25.0
0.16,S012,B,30.0
0.16,S012,C,72.62796674855053
0.16,S013,A,25.0
0.16,S013,B,30.0
0.16,S013,C,80.0
0.16,S014,A,25.0
0.16,S014,B,30.0
0.16,S014,C,80.0
0.16,S015,A,25.0
0.16,S015,B,30.0
0.16,S015,C,80.0
0.17,S001,A,25.0
0.17,S001,B,30.0
0.17,S001,C,80.0
0.17,S002,A,25.0
0.17,S002,B,30.0
0.17,S002,C,72.23193055018783
0.17,S003,A,25.0
0.17,S003,B,30.0
0.17,S003,C,71.68239332735538
0.17,S004,A,25.0
0.17,S004,B,30.0
0.17,S004,C,67.60165905579925
0.17,S005,A,25.0
0.17,S005,B,30.0
0.17,S005,C,80.0
0.17,S006,A,25.0
0.17,S006,B,30.0
0.17,S006,C,80.0
0.17,S007,A,25.0
0.17,S007,B,30.0
0.17,S007,C,80.0
0.17,S008,A,25.0
0.17,S008,B,30.0
0.17,S008,C,63.310706624761224
0.17,S009,A,25.0
0.17,S009,B,30.0
0.17,S009,C,80.0
0.17,S010,A,25.0
0.17,S010,B,30.0
0.17,S010,C,80.0
0.17,S011,A,25.0
0.17,S011,B,30.0
0.17,S011,C,80.0
0.17,S012,A,25.0
0.17,S012,B,30.0
0.17,S012,C,71.57583609223366
0.17,S013,A,25.0
0.17,S013,B,30.0
0.17,S013,C,80.0
0.17,S014,A,25.0
0.17,S014,B,30.0
0.17,S014,C,80.0
0.17,S015,A,25.0
0.17,S015,B,30.0
0.17,S015,C,80.0
0.18,S001,A,25.0
0.18,S001,B,30.0
0.18,S001,C,80.0
0.18,S002,A,25.0
0.18,S002,B,30.0
0.18,S002,C,71.15912545472383
0.18,S003,A,25.0
0.18,S003,B,30.0
0.18,S003,C,70.57669424451888
0.18,S004,A,25.0
0.18,S004,B,30.0
0.18,S004,C,66.36277815327048
0.18,S005,A,25.0
0.18,S005,B,30.0
0.18,S005,C,80.0
0.18,S006,A,25.0
0.18,S006,B,30.0
0.18,S006,C,80.0
0.18,S007,A,25.0
0.18,S007,B,30.0
0.18,S007,C,80.0
0.18,S008,A,25.0
0.18,S008,B,29.906141934916377
0.18,S008,C,61.91665614955127
0.18,S009,A,25.0
0.18,S009,B,30.0
0.18,S009,C,80.0
0.18,S010,A,25.0
0.18,S010,B,30.0
0.18,S010,C,80.0
0.18,S011,A,25.0
0.18,S011,B,30.0
0.18,S011,C,80.0
0.18,S012,A,25.0
0.18,S012,B,30.0
0.18,S012,C,70.47571115195751
0.18,S013,A,25.0
0.18,S013,B,30.0
0.18,S013,C,80.0
0.18,S014,A,25.0
0.18,S014,B,30.0
0.18,S014,C,80.0
0.18,S015,A,25.0
0.18,S015,B,30.0
0.18,S015,C,80.0
0.19,S001,A,25.0
0.19,S001,B,30.0
0.19,S001,C,80.0
0.19,S002,A,25.0
0.19,S002,B,30.0
0.19,S002,C,70.03649782389402
0.19,S003,A,25.0
0.19,S003,B,30.0
0.19,S003,C,69.4193326216191
0.19,S004,A,25.0
0.19,S004,B,30.0
0.19,S004,C,65.06283733062446
0.19,S005,A,25.0
0.19,S005,B,30.0
0.19,S005,C,80.0
0.19,S006,A,25.0
0.19,S006,B,30.0
0.19,S006,C,80.0
0.19,S007,A,25.0
0.19,S007,B,30.0
0.19,S007,C,80.0
0.19,S008,A,25.0
0.19,S008,B,29.36716621974483
0.19,S008,C,60.44996799901128
0.19,S009,A,25.0
0.19,S009,B,30.0
0.19,S009,C,80.0
0.19,S010,A,25.0
0.19,S010,B,30.0
0.19,S010,C,80.0
0.19,S011,A,25.0
0.19,S011,B,30.0
0.19,S011,C,80.0
0.19,S012,A,25.0
0.19,S012,B,30.0
0.19,S012,C,69.32411131449044
0.19,S013,A,25.0
0.19,S013,B,30.0
0.19,S013,C,80.0
0.19,S014,A,25.0
0.19,S014,B,30.0
0.19,S014,C,80.0
0.19,S015,A,25.0
0.19,S015,B,30.0
0.19,S015,C,80.0
0.2,S001,A,25.0
0.2,S001,B,30.0
0.2,S001,C,80.0
0.2,S002,A,25.0
0.2,S002,B,30.0
0.2,S002,C,68.86034271679819
0.2,S003,A,25.0
0.2,S003,B,30.0
0.2,S003,C,68.20649054832757
0.2,S004,A,25.0
0.2,S004,B,30.0
0.2,S004,C,63.69695544242859
0.2,S005,A,25.0
0.2,S005,B,30.0
0.2,S005,C,80.0
0.2,S006,A,25.0
0.2,S006,B,30.0
0.2,S006,C,80.0
0.2,S007,A,25.0
0.2,S007,B,30.0
0.2,S007,C,80.0
0.2,S008,A,25.0
0.2,S008,B,28.801233619451523
0.2,S008,C,58.904360961169004
0.2,S009,A,25.0
0.2,S009,B,30.0
0.2,S009,C,80.0
0.2,S010,A,25.0
0.2,S010,B,30.0
0.2,S010,C,80.0
0.2,S011,A,25.0
0.2,S011,B,30.0
0.2,S011,C,80.0
0.2,S012,A,25.0
0.2,S012,B,30.0
0.2,S012,C,68.11719339340925
0.2,S013,A,25.0
0.2,S013,B,30.0
0.2,S013,C,80.0
0.2,S014,A,25.0
0.2,S014,B,30.0
0.2,S014,C,80.0
0.2,S015,A,25.0
0.2,S015,B,30.0
0.2,S015,C,80.0
0.21,S001,A,25.0
0.21,S001,B,30.0
0.21,S001,C,80.0
0.21,S002,A,25.0
0.21,S002,B,30.0
0.21,S002,C,67.62655661441386
0.21,S003,A,25.0
0.21,S003,B,30.0
0.21,S003,C,66.93394582718611
0.21,S004,A,25.0
0.21,S004,B,29.864865811541677
0.21,S004,C,62.25967516191304
0.21,S005,A,25.0
0.21,S005,B,30.0
0.21,S005,C,80.0
0.21,S006,A,25.0
0.21,S006,B,30.0
0.21,S006,C,80.0
0.21,S007,A,25.0
0.21,S007,B,30.0
0.21,S007,C,80.0
0.21,S008,A,25.0
0.21,S008,B,28.206156883388758
0.21,S008,C,57.27272713556886
0.21,S009,A,25.0
0.21,S009,B,30.0
0.21,S009,C,80.0
0.21,S010,A,25.0
0.21,S010,B,30.0
0.21,S010,C,80.0
0.21,S011,A,25.0
0.21,S011,B,30.0
0.21,S011,C,80.0
0.21,S012,A,25.0
0.21,S012,B,30.0
0.21,S012,C,66.8506998103112
0.21,S013,A,25.0
0.21,S013,B,30.0
0.21,S013,C,80.0
0.21,S014,A,25.0
0.21,S014,B,30.0
0.21,S014,C,80.0
0.21,S015,A,25.0
0.21,S015,B,30.0
0.21,S015,C,80.0
0.22,S001,A,25.0
0.22,S001,B,30.0
0.22,S001,C,80.0
0.22,S002,A,25.0
0.22,S002,B,30.0
0.22,S002,C,66.3305783458054
0.22,S003,A,25.0
0.22,S003,B,30.0
0.22,S003,C,65.59701327234507
0.22,S004,A,25.0
0.22,S004,B,29.29878235096112
0.22,S004,C,60.74486665427685
0.22,S005,A,25.0
0.22,S005,B,30.0
0.22,S005,C,80.0
0.22,S006,A,25.0
0.22,S006,B,30.0
0.22,S006,C,80.0
0.22,S007,A,25.0
0.22,S007,B,30.0
0.22,S007,C,80.0
0.22,S008,A,25.0
0.22,S008,B,27.579487084876746
0.22,S008,C,55.54697304032743
0.22,S009,A,25.0
0.22,S009,B,30.0
0.22,S009,C,80.0
0.22,S010,A,25.0
0.22,S010,B,30.0
0.22,S010,C,80.0
0.22,S011,A,25.0
0.22,S011,B,30.0
0.22,S011,C,80.0
0.22,S012,A,25.0
0.22,S012,B,30.0
0.22,S012,C,65.5198969785124
0.22,S013,A,25.0
0.22,S013,B,30.0
0.22,S013,C,80.0
0.22,S014,A,25.0
0.22,S014,B,30.0
0.22,S014,C,80.0
0.22,S015,A,25.0
0.22,S015,B,30.0
0.22,S015,C,80.0
0.23,S001,A,25.0
0.23,S001,B,30.0
0.23,S001,C,80.0
0.23,S002,A,25.0
0.23,S002,B,30.0
0.23,S002,C,64.96731820516288
0.23,S003,A,25.0
0.23,S003,B,30.0
0.23,S003,C,64.1904745157808
0.23,S004,A,25.0
0.23,S004,B,28.703030529432
0.23,S004,C,59.14560918696225
0.23,S005,A,25.0
0.23,S005,B,30.0
0.23,S005,C,80.0
0.23,S006,A,25.0
0.23,S006,B,30.0
0.23,S006,C,80.0
0.23,S007,A,25.0
0.23,S007,B,30.0
0.23,S007,C,80.0
0.23,S008,A,25.0
0.23,S008,B,26.918469469528645
0.23,S008,C,53.717817375436425
0.23,S009,A,25.0
0.23,S009,B,30.0
0.23,S009,C,80.0
0.23,S010,A,25.0
0.23,S010,B,30.0
0.23,S010,C,80.0
0.23,S011,A,25.0
0.23,S011,B,30.0
0.23,S011,C,80.0
0.23,S012,A,25.0
0.23,S012,B,30.0
0.23,S012,C,64.11950137466192
0.23,S013,A,25.0
0.23,S013,B,30.0
0.23,S013,C,80.0
0.23,S014,A,25.0
0.23,S014,B,30.0
0.23,S014,C,80.0
0.23,S015,A,25.0
0.23,S015,B,30.0
0.23,S015,C,80.0
0.24,S001,A,25.0
0.24,S001,B,30.0
0.24,S001,C,80.0
0.24,S002,A,25.0
0.24,S002,B,30.0
0.24,S002,C,63.531072372570634
0.24,S003,A,25.0
0.24,S003,B,29.64442137395963
0.24,S003,C,62.70849345251918
0.24,S004,A,25.0
0.24,S004,B,28.075087568722665
0.24,S004,C,57.454043719917536
0.24,S005,A,25.0
0.24,S005,B,30.0
0.24,S005,C,80.0
0.24,S006,A,25.0
0.24,S006,B,30.0
0.24,S006,C,80.0
0.24,S007,A,25.0
0.24,S007,B,30.0
0.24,S007,C,80.0
0.24,S008,A,25.0
0.24,S008,B,26.21998904971406
0.24,S008,C,51.774529637768865
0.24,S009,A,25.0
0.24,S009,B,30.0
0.24,S009,C,80.0
0.24,S010,A,25.0
0.24,S010,B,30.0
0.24,S010,C,80.0
0.24,S011,A,25.0
0.24,S011,B,30.0
0.24,S011,C,80.0
0.24,S012,A,25.0
0.24,S012,B,30.0
0.24,S012,C,62.64359007589519
0.24,S013,A,25.0
0.24,S013,B,30.0
0.24,S013,C,80.0
0.24,S014,A,25.0
0.24,S014,B,30.0
0.24,S014,C,80.0
0.24,S015,A,25.0
0.24,S015,B,30.0
0.24,S015,C,79.39798804931343
0.25,S001,A,25.0
0.25,S001,B,30.0
0.25,S001,C,80.0
0.25,S002,A,25.0
0.25,S002,B,30.0
0.25,S002,C,62.015418438240886
0.25,S003,A,25.0
0.25,S003,B,29.036514102481306
0.25,S003,C,61.1445133574307
0.25,S004,A,25.0
0.25,S004,B,27.412114022299647
0.25,S004,C,55.66118702292442
0.25,S005,A,25.0
0.25,S005,B,30.0
0.25,S005,C,80.0
0.25,S006,A,25.0
0.25,S006,B,30.0
0.25,S006,C,80.0
0.25,S007,A,25.0
0.25,S007,B,30.0
0.25,S007,C,80.0
0.25,S008,A,24.562764610163867
0.25,S008,B,25.480502822902054
0.25,S008,C,49.7045857924968
0.25,S009,A,25.0
0.25,S009,B,30.0
0.25,S009,C,80.0
0.25,S010,A,25.0
0.25,S010,B,30.0
0.25,S010,C,80.0
0.25,S011,A,25.0
0.25,S011,B,30.0
0.25,S011,C,80.0
0.25,S012,A,25.0
0.25,S012,B,29.432468384038657
0.25,S012,C,61.08549135737121
0.25,S013,A,25.0
0.25,S013,B,30.0
0.25,S013,C,80.0
0.25,S014,A,25.0
0.25,S014,B,30.0
0.25,S014,C,80.0
0.25,S015,A,25.0
0.25,S015,B,30.0
0.25,S015,C,78.45461159013212
0.26,S001,A,25.0
0.26,S001,B,30.0
0.26,S001,C,80.0
0.26,S002,A,25.0
0.26,S002,B,29.43334645126015
0.26,S002,C,60.41308659128845
0.26,S003,A,25.0
0.26,S003,B,28.3949946728535
0.26,S003,C,59.49113043025136
0.26,S004,A,25.0
0.26,S004,B,26.71089746290818
0.26,S004,C,53.756693629547954
0.26,S005,A,25.0
0.26,S005,B,30.0
0.26,S005,C,80.0
0.26,S006,A,25.0
0.26,S006,B,30.0
0.26,S006,C,80.0
0.26,S007,A,25.0
0.26,S007,B,30.0
0.26,S007,C,80.0
0.26,S008,A,22.86523679504171
0.26,S008,B,24.6959541994147
0.26,S008,C,47.49320459552109
0.26,S009,A,25.0
0.26,S009,B,30.0
0.26,S009,C,80.0
0.26,S010,A,25.0
0.26,S010,B,30.0
0.26,S010,C,80.0
0.26,S011,A,25.0
0.26,S011,B,30.0
0.26,S011,C,80.0
0.26,S012,A,25.0
0.26,S012,B,28.818246284499764
0.26,S012,C,59.4376496784389
0.26,S013,A,25.0
0.26,S013,B,30.0
0.26,S013,C,80.0
0.26,S014,A,25.0
0.26,S014,B,30.0
0.26,S014,C,80.0
0.26,S015,A,25.0
0.26,S015,B,30.0
0.26,S015,C,77.46716436930001
0.27,S001,A,25.0
0.27,S001,B,30.0
0.27,S001,C,80.0
0.27,S002,A,25.0
0.27,S002,B,28.81708749337122
0.27,S002,C,58.715798957273364
0.27,S003,A,25.0
0.27,S003,B,27.716868293937296
0.27,S003,C,57.739936439320445
0.27,S004,A,25.0
0.27,S004,B,25.967782500665635
0.27,S004,C,51.72854560427368
0.27,S005,A,25.0
0.27,S005,B,30.0
0.27,S005,C,80.0
0.27,S006,A,25.0
0.27,S006,B,30.0
0.27,S006,C,80.0
0.27,S007,A,25.0
0.27,S007,B,30.0
0.27,S007,C,80.0
0.27,S008,A,21.017380902776495
0.27,S008,B,23.86166324140504
0.27,S008,C,45.12270690873265
0.27,S009,A,25.0
0.27,S009,B,30.0
0.27,S009,C,80.0
0.27,S010,A,25.0
0.27,S010,B,30.0
0.27,S010,C,80.0
0.27,S011,A,25.0
0.27,S011,B,30.0
0.27,S011,C,80.0
0.27,S012,A,25.0
0.27,S012,B,28.169653262011707
0.27,S012,C,57.6914566475898
0.27,S013,A,25.0
0.27,S013,B,30.0
0.27,S013,C,80.0
0.27,S014,A,25.0
0.27,S014,B,30.0
0.27,S014,C,80.0
0.27,S015,A,25.0
0.27,S015,B,30.0
0.27,S015,C,76.4324520342052
0.28,S001,A,25.0
0.28,S001,B,30.0
0.28,S001,C,80.0
0.28,S002,A,25.0
0.28,S002,B,28.165993876755238
0.28,S002,C,56.91406640224159
0.28,S003,A,25.0
0.28,S003,B,26.99874748941511
0.28,S003,C,55.881320387125015
0.28,S004,A,23.987420735647902
0.28,S004,B,25.178582423832268
0.28,S004,C,49.5626400411129
0.28,S005,A,25.0
0.28,S005,B,30.0
0.28,S005,C,80.0
0.28,S006,A,25.0
0.28,S006,B,30.0
0.28,S006,C,80.0
0.28,S007,A,25.0
0.28,S007,B,30.0
0.28,S007,C,80.0
0.28,S008,A,18.990101740928367
0.28,S008,B,22.972183534875512
0.28,S008,C,42.57160320878029
0.28,S009,A,25.0
0.28,S009,B,30.0
0.28,S009,C,80.0
0.28,S010,A,25.0
0.28,S010,B,30.0
0.28,S010,C,80.0
0.28,S011,A,25.0
0.28,S011,B,30.0
0.28,S011,C,80.0
0.28,S012,A,25.0
0.28,S012,B,27.48355384916067
0.28,S012,C,55.83703680895269
0.28,S013,A,25.0
0.28,S013,B,30.0
0.28,S013,C,80.0
0.28,S014,A,25.0
0.28,S014,B,30.0
0.28,S014,C,80.0
0.28,S015,A,25.0
0.28,S015,B,30.0
0.28,S015,C,75.34695772454143
0.29,S001,A,25.0
0.29,S001,B,30.0
0.29,S001,C,80.0
0.29,S002,A,25.0
0.29,S002,B,27.47683405643329
0.29,S002,C,54.99692764133215
0.29,S003,A,25.0
0.29,S003,B,26.23677893774584
0.29,S003,C,53.90421428717673
0.29,S004,A,22.16479428461753
0.29,S004,B,24.33846613392234
0.29,S004,C,47.24222745746374
0.29,S005,A,25.0
0.29,S005,B,30.0
0.29,S005,C,80.0
0.29,S006,A,25.0
0.29,S006,B,30.0
0.29,S006,C,80.0
0.29,S007,A,25.0
0.29,S007,B,30.0
0.29,S007,C,80.0
0.29,S008,A,16.742561128921807
0.29,S008,B,22.021111564245075
0.29,S008,C,39.81324507854879
0.29,S009,A,25.0
0.29,S009,B,30.0
0.29,S009,C,80.0
0.29,S010,A,25.0
0.29,S010,B,30.0
0.29,S010,C,80.0
0.29,S011,A,25.0
0.29,S011,B,30.0
0.29,S011,C,80.0
0.29,S012,A,25.0
0.29,S012,B,26.756387064233422
0.29,S012,C,53.86297147721052
0.29,S013,A,25.0
0.29,S013,B,30.0
0.29,S013,C,80.0
0.29,S014,A,25.0
0.29,S014,B,30.0
0.29,S014,C,80.0
0.29,S015,A,25.0
0.29,S015,B,30.0
0.29,S015,C,74.20679900795221
0.3,S001,A,25.0
0.3,S001,B,30.0
0.3,S001,C,80.0
0.3,S002,A,25.0
0.3,S002,B,26.745928034652025
0.3,S002,C,52.951608430594206
0.3,S003,A,24.737296666717157
0.3,S003,B,25.42655150173232
0.3,S003,C,51.795761808753014
0.3,S004,A,20.16904230695218
0.3,S004,B,23.441810875665396
0.3,S004,C,44.74712545983493
0.3,S005,A,25.0
0.3,S005,B,30.0
0.3,S005,C,80.0
0.3,S006,A,25.0
0.3,S006,B,30.0
0.3,S006,C,80.0
0.3,S007,A,25.0
0.3,S007,B,30.0
0.3,S007,C,80.0
0.3,S008,A,14.213146170368418
0.3,S008,B,21.000826887320727
0.3,S008,C,36.813741037622094
0.3,S009,A,25.0
0.3,S009,B,30.0
0.3,S009,C,79.15353430435061
0.3,S010,A,25.0
0.3,S010,B,30.0
0.3,S010,C,80.0
0.3,S011,A,25.0
0.3,S011,B,30.0
0.3,S011,C,80.0
0.3,S012,A,25.0
0.3,S012,B,25.984083793591708
0.3,S012,C,51.75593625754118
0.3,S013,A,25.0
0.3,S013,B,30.0
0.3,S013,C,80.0
0.3,S014,A,25.0
0.3,S014,B,30.0
0.3,S014,C,79.90369786508381
0.3,S015,A,25.0
0.3,S015,B,30.0
0.3,S015,C,73.007677430287
0.31,S001,A,25.0
0.31,S001,B,30.0
0.31,S001,C,80.0
0.31,S002,A,25.0
0.31,S002,B,25.96905815647915
0.31,S002,C,50.76306693255901
0.31,S003,A,22.92087235255167
0.31,S003,B,24.5629786234349
0.31,S003,C,49.540876895189285
0.31,S004,A,17.96324416063726
0.31,S004,B,22.482006505597383
0.31,S004,C,42.05258058384061
0.31,S005,A,25.0
0.31,S005,B,30.0
0.31,S005,C,80.0
0.31,S006,A,25.0
0.31,S006,B,30.0
0.31,S006,C,80.0
0.31,S007,A,25.0
0.31,S007,B,30.0
0.31,S007,C,80.0
0.31,S008,A,11.297883308725432
0.31,S008,B,19.90212787874043
0.31,S008,C,33.52854887023568
0.31,S009,A,25.0
0.31,S009,B,30.0
0.31,S009,C,78.13395358622074
0.31,S010,A,25.0
0.31,S010,B,30.0
0.31,S010,C,80.0
0.31,S011,A,25.0
0.31,S011,B,30.0
0.31,S011,C,80.0
0.31,S012,A,23.96798690315336
0.31,S012,B,25.161961892154068
0.31,S012,C,49.500214820727706
0.31,S013,A,25.0
0.31,S013,B,30.0
0.31,S013,C,80.0
0.31,S014,A,25.0
0.31,S014,B,30.0
0.31,S014,C,78.88408930040896
0.31,S015,A,25.0
0.31,S015,B,30.0
0.31,S015,C,71.74481895752251
0.32,S001,A,25.0
0.32,S001,B,30.0
0.32,S001,C,80.0
0.32,S002,A,23.779705801280215
0.32,S002,B,25.141355115920305
0.32,S002,C,48.4133729711175
0.32,S003,A,20.937659218907356
0.32,S003,B,23.640145459212363
0.32,S003,C,47.121641440317035
0.32,S004,A,15.49344991799444
0.32,S004,B,21.451189254876226
0.32,S004,C,39.12755257450044
0.32,S005,A,25.0
0.32,S005,B,30.0
0.32,S005,C,80.0
0.32,S006,A,25.0
0.32,S006,B,30.0
0.32,S006,C,80.0
0.32,S007,A,25.0
0.32,S007,B,30.0
0.32,S007,C,80.0
0.32,S008,A,7.782724738353863
0.32,S008,B,18.713703649118543
0.32,S008,C,29.89648518152535
0.32,S009,A,25.0
0.32,S009,B,30.0
0.32,S009,C,77.06241437233984
0.32,S010,A,25.0
0.32,S010,B,30.0
0.32,S010,C,80.0
0.32,S011,A,25.0
0.32,S011,B,30.0
0.32,S011,C,80.0
0.32,S012,A,22.0682539336849
0.32,S012,B,24.28459073184058
0.32,S012,C,47.077030166983604
0.32,S013,A,25.0
0.32,S013,B,30.0
0.32,S013,C,80.0
0.32,S014,A,25.0
0.32,S014,B,30.0
0.32,S014,C,77.81243475154042
0.32,S015,A,25.0
0.32,S015,B,30.0
0.32,S015,C,70.4129034653306
0.33,S001,A,25.0
0.33,S001,B,30.0
0.33,S001,C,80.0
0.33,S002,A,21.833297749981284
0.33,S002,B,24.25714989658445
0.33,S002,C,45.88083575479686
0.33,S003,A,18.75479855807498
0.33,S003,B,22.651106051634997
0.33,S003,C,44.51645901426673
0.33,S004,A,12.673069536685944
0.33,S004,B,20.339869398158044
0.33,S004,C,35.93199520371854
0.33,S005,A,25.0
0.33,S005,B,30.0
0.33,S005,C,80.0
0.33,S006,A,25.0
0.33,S006,B,30.0
0.33,S006,C,80.0
0.33,S007,A,25.0
0.33,S007,B,30.0
0.33,S007,C,80.0
0.33,S008,A,2.940868108998984
0.33,S008,B,17.421336597763002
0.33,S008,C,25.828118612989783
0.33,S009,A,25.0
0.33,S009,B,30.0
0.33,S009,C,75.93474133871496
0.33,S010,A,25.0
0.33,S010,B,30.0
0.33,S010,C,80.0
0.33,S011,A,25.0
0.33,S011,B,30.0
0.33,S011,C,80.0
0.33,S012,A,19.980597717221826
0.33,S012,B,23.345613037236035
0.33,S012,C,44.46359666995704
0.33,S013,A,25.0
0.33,S013,B,30.0
0.33,S013,C,80.0
0.33,S014,A,25.0
0.33,S014,B,30.0
0.33,S014,C,76.68461889959872
0.33,S015,A,25.0
0.33,S015,B,30.0
0.33,S015,C,69.00598036125302
0.34,S001,A,25.0
0.34,S001,B,30.0
0.34,S001,C,80.0
0.34,S002,A,19.68521370436065
0.34,S002,B,23.309777774848044
0.34,S002,C,43.13873644918203
0.34,S003,A,16.32572489324957
0.34,S003,B,21.587607767432928
0.34,S003,C,41.69882344081998
0.34,S004,A,9.339495556196198
0.34,S004,B,19.136392869986594
0.34,S004,C,32.41226337850094
0.34,S005,A,25.0
0.34,S005,B,30.0
0.34,S005,C,79.83593272976577
0.34,S006,A,25.0
0.34,S006,B,30.0
0.34,S006,C,80.0
0.34,S007,A,25.0
0.34,S007,B,30.0
0.34,S007,C,80.0
0.34,S008,A,
0.34,S008,B,16.006635760422796
0.34,S008,C,21.179934348911047
0.34,S009,A,25.0
0.34,S009,B,30.0
0.34,S009,C,74.74628399126232
0.34,S010,A,25.0
0.34,S010,B,30.0
0.34,S010,C,80.0
0.34,S011,A,25.0
0.34,S011,B,30.0
0.34,S011,C,80.0
0.34,S012,A,17.663006845396012
0.34,S012,B,22.33750546351075
0.34,S012,C,41.63172694854438
0.34,S013,A,25.0
0.34,S013,B,30.0
0.34,S013,C,80.0
0.34,S014,A,25.0
0.34,S014,B,30.0
0.34,S014,C,75.4960739146918
0.34,S015,A,25.0
0.34,S015,B,30.0
0.34,S015,C,67.51736701466143
0.35,S001,A,25.0
0.35,S001,B,30.0
0.35,S001,C,80.0
0.35,S002,A,17.287024756660685
0.35,S002,B,22.29131296975538
0.35,S002,C,40.153408478945494
0.35,S003,A,13.578945474000648
0.35,S003,B,20.439706267789006
0.35,S003,C,38.635449120774865
0.35,S004,A,5.068367870990187
0.35,S004,B,17.82613074174151
0.35,S004,C,28.492678850889206
0.35,S005,A,25.0
0.35,S005,B,30.0
0.35,S005,C,78.77152305096388
0.35,S006,A,25.0
0.35,S006,B,30.0
0.35,S006,C,80.0
0.35,S007,A,25.0
0.35,S007,B,30.0
0.35,S007,C,80.0
0.35,S008,A,
0.35,S008,B,14.444891035091132
0.35,S008,C,15.682762255892158
0.35,S009,A,25.0
0.35,S009,B,30.0
0.35,S009,C,73.491844041273
0.35,S010,A,25.0
0.35,S010,B,30.0
0.35,S010,C,80.0
0.35,S011,A,25.0
0.35,S011,B,30.0
0.35,S011,C,80.0
0.35,S012,A,15.052832971559837
0.35,S012,B,21.251248496118933
0.35,S012,C,38.54569178074598
0.35,S013,A,25.0
0.35,S013,B,30.0
0.35,S013,C,80.0
0.35,S014,A,25.0
0.35,S014,B,30.0
0.35,S014,C,74.24171374179423
0.35,S015,A,25.0
0.35,S015,B,30.0
0.35,S015,C,65.93952540308237
0.36,S001,A,25.0
0.36,S001,B,30.0
0.36,S001,C,80.0
0.36,S002,A,14.564318832708523
0.36,S002,B,21.192199629731476
0.36,S002,C,36.881177201867104
0.36,S003,A,10.389652964659035
0.36,S003,B,19.19520883820951
0.36,S003,C,35.283277332782745
0.36,S004,A,
0.36,S004,B,16.390196119900793
0.36,S004,C,24.058149307966232
0.36,S005,A,25.0
0.36,S005,B,30.0
0.36,S005,C,77.64963936060667
0.36,S006,A,25.0
0.36,S006,B,30.0
0.36,S006,C,80.0
0.36,S007,A,25.0
0.36,S007,B,30.0
0.36,S007,C,80.0
0.36,S008,A,
0.36,S008,B,12.701116665266454
0.36,S008,C,8.637680374085903
0.36,S009,A,25.0
0.36,S009,B,30.0
0.36,S009,C,72.16558828018606
0.36,S010,A,25.0
0.36,S010,B,30.0
0.36,S010,C,80.0
0.36,S011,A,25.0
0.36,S011,B,30.0
0.36,S011,C,80.0
0.36,S012,A,12.046154035488144
0.36,S012,B,20.075857238844037
0.36,S012,C,35.15874524600804
0.36,S013,A,25.0
0.36,S013,B,30.0
0.36,S013,C,80.0
0.36,S014,A,25.0
0.36,S014,B,30.0
0.36,S014,C,72.91585604660213
0.36,S015,A,25.0
0.36,S015,B,30.0
0.36,S015,C,64.263910735026
0.37,S001,A,25.0
0.37,S001,B,30.0
0.37,S001,C,80.0
0.37,S002,A,11.387663625646383
0.37,S002,B,20.000722215045244
0.37,S002,C,33.26315138489008
0.37,S003,A,6.48011738085188
0.37,S003,B,17.838835653383285
0.37,S003,C,31.584347328171134
0.37,S004,A,
0.37,S004,B,14.803278925828636
0.37,S004,C,18.91164210624993
0.37,S005,A,25.0
0.37,S005,B,30.0
0.37,S005,C,76.46539761684835
0.37,S006,A,25.0
0.37,S006,B,30.0
0.37,S006,C,80.0
0.37,S007,A,25.0
0.37,S007,B,30.0
0.37,S007,C,80.0
0.37,S008,A,
0.37,S008,B,10.72184817865491
0.37,S008,C,
0.37,S009,A,25.0
0.37,S009,B,30.0
0.37,S009,C,70.76094329357147
0.37,S010,A,25.0
0.37,S010,B,30.0
0.37,S010,C,80.0
0.37,S011,A,25.0
0.37,S011,B,30.0
0.37,S011,C,80.0
0.37,S012,A,8.43523571966216
0.37,S012,B,18.797689431812614
0.37,S012,C,31.407065289095044
0.37,S013,A,25.0
0.37,S013,B,30.0
0.37,S013,C,80.0
0.37,S014,A,25.0
0.37,S014,B,30.0
0.37,S014,C,71.51212896220386
0.37,S015,A,25.0
0.37,S015,B,29.570693923160434
0.37,S015,C,62.480783676728606
0.38,S001,A,25.0
0.38,S001,B,30.0
0.38,S001,C,80.0
0.38,S002,A,7.47350252349861
0.38,S002,B,18.702215503435582
0.38,S002,C,29.21555840410292
0.38,S003,A,0.3725525632034987
0.38,S003,B,16.350889331661165
0.38,S003,C,27.45618444867432
0.38,S004,A,
0.38,S004,B,13.029671972617507
0.38,S004,C,12.634557317942381
0.38,S005,A,25.0
0.38,S005,B,30.0
0.38,S005,C,75.21332721225917
0.38,S006,A,25.0
0.38,S006,B,30.0
0.38,S006,C,80.0
0.38,S007,A,25.0
0.38,S007,B,30.0
0.38,S007,C,80.0
0.38,S008,A,
0.38,S008,B,8.414872416760772
0.38,S008,C,
0.38,S009,A,25.0
0.38,S009,B,30.0
0.38,S009,C,69.2704669944942
0.38,S010,A,25.0
0.38,S010,B,30.0
0.38,S010,C,80.0
0.38,S011,A,25.0
0.38,S011,B,30.0
0.38,S011,C,80.0
0.38,S012,A,3.572400606935844
0.38,S012,B,17.39937752718106
0.38,S012,C,27.19812899827957
0.38,S013,A,25.0
0.38,S013,B,30.0
0.38,S013,C,80.0
0.38,S014,A,25.0
0.38,S014,B,30.0
0.38,S014,C,70.02335875295103
0.38,S015,A,25.0
0.38,S015,B,28.83146830368787
0.38,S015,C,60.578974317759275
0.39,S001,A,25.0
0.39,S001,B,30.0
0.39,S001,C,80.0
0.39,S002,A,1.5530417207628489
0.39,S002,B,17.277828364167362
0.39,S002,C,24.609522754326463
0.39,S003,A,
0.39,S003,B,14.705001048278064
0.39,S003,C,22.77138251811266
0.39,S004,A,
0.39,S004,B,11.015079708304256
0.39,S004,C,3.6023559607565403
0.39,S005,A,25.0
0.39,S005,B,30.0
0.39,S005,C,73.88727654702961
0.39,S006,A,25.0
0.39,S006,B,30.0
0.39,S006,C,80.0
0.39,S007,A,25.0
0.39,S007,B,30.0
0.39,S007,C,80.0
0.39,S008,A,
0.39,S008,B,5.581379032228142
0.39,S008,C,
0.39,S009,A,25.0
0.39,S009,B,30.0
0.39,S009,C,67.68569068051875
0.39,S010,A,25.0
0.39,S010,B,30.0
0.39,S010,C,80.0
0.39,S011,A,25.0
0.39,S011,B,30.0
0.39,S011,C,80.0
0.39,S012,A,
0.39,S012,B,15.858083821367472
0.39,S012,C,22.385175032541156
0.39,S013,A,25.0
0.39,S013,B,30.0
0.39,S013,C,79.8393006902188
0.39,S014,A,25.0
0.39,S014,B,30.0
0.39,S014,C,68.44143337570131
0.39,S015,A,25.0
0.39,S015,B,28.042680623475462
0.39,S015,C,58.54558126069605
0.4,S001,A,25.0
0.4,S001,B,30.0
0.4,S001,C,80.0
0.4,S002,A,
0.4,S002,B,15.702468948438764
0.4,S002,C,19.220367157831788
0.4,S003,A,
0.4,S003,B,12.863966936711222
0.4,S003,C,17.30510864406824
0.4,S004,A,
0.4,S004,B,8.666543725412339
0.4,S004,C,
0.4,S005,A,25.0
0.4,S005,B,30.0
0.4,S005,C,72.48029868118465
0.4,S006,A,25.0
0.4,S006,B,30.0
0.4,S006,C,80.0
0.4,S007,A,25.0
0.4,S007,B,30.0
0.4,S007,C,80.0
0.4,S008,A,
0.4,S008,B,1.3967101857997477
0.4,S008,C,
0.4,S009,A,25.0
0.4,S009,B,30.0
0.4,S009,C,65.99692232906818
0.4,S010,A,25.0
0.4,S010,B,30.0
0.4,S010,C,79.15462117642164
0.4,S011,A,25.0
0.4,S011,B,30.0
0.4,S011,C,80.0
0.4,S012,A,
0.4,S012,B,14.142430638894439
0.4,S012,C,16.697868453338742
0.4,S013,A,25.0
0.4,S013,B,30.0
0.4,S013,C,78.68350120261312
0.4,S014,A,25.0
0.4,S014,B,30.0
0.4,S014,C,66.75713526085019
0.4,S015,A,25.0
0.4,S015,B,27.198962322436273
0.4,S015,C,56.36558120138943
0.41,S001,A,25.0
0.41,S001,B,30.0
0.41,S001,C,80.0
0.41,S002,A,
0.41,S002,B,13.941108004655689
0.41,S002,C,12.553033828735352
0.41,S003,A,
0.41,S003,B,10.771073726937175
0.41,S003,C,10.544620705768466
0.41,S004,A,
0.41,S004,B,5.786208207719028
0.41,S004,C,
0.41,S005,A,25.0
0.41,S005,B,30.0
0.41,S005,C,70.98451190628111
0.41,S006,A,25.0
0.41,S006,B,30.0
0.41,S006,C,80.0
0.41,S007,A,25.0
0.41,S007,B,30.0
0.41,S007,C,80.0
0.41,S008,A,
0.41,S008,B,
0.41,S008,C,
0.41,S009,A,25.0
0.41,S009,B,30.0
0.41,S009,C,64.19299894943833
0.41,S010,A,25.0
0.41,S010,B,30.0
0.41,S010,C,77.94524447992444
0.41,S011,A,25.0
0.41,S011,B,30.0
0.41,S011,C,80.0
0.41,S012,A,
0.41,S012,B,12.206533269491047
0.41,S012,C,9.460023520514369
0.41,S013,A,25.0
0.41,S013,B,30.0
0.41,S013,C,77.46012292802334
0.41,S014,A,25.0
0.41,S014,B,30.0
0.41,S014,C,64.95993396267295
0.41,S015,A,25.0
0.41,S015,B,26.294082328677177
0.41,S015,C,54.0213122125715
0.42,S001,A,25.0
0.42,S001,B,30.0
0.42,S001,C,80.0
0.42,S002,A,
0.42,S002,B,11.941369632259011
0.42,S002,C,2.299502659589052
0.42,S003,A,
0.42,S003,B,8.328444419894367
0.42,S003,C,
0.42,S004,A,
0.42,S004,B,1.5928896982222795
0.42,S004,C,
0.42,S005,A,25.0
0.42,S005,B,30.0
0.42,S005,C,69.39092793501914
0.42,S006,A,25.0
0.42,S006,B,30.0
0.42,S006,C,80.0
0.42,S007,A,25.0
0.42,S007,B,30.0
0.42,S007,C,79.40782000310719
0.42,S008,A,
0.42,S008,B,
0.42,S008,C,
0.42,S009,A,25.0
0.42,S009,B,30.0
0.42,S009,C,62.26097032427788
0.42,S010,A,25.0
0.42,S010,B,30.0
0.42,S010,C,76.66316712275147
0.42,S011,A,25.0
0.42,S011,B,30.0
0.42,S011,C,80.0
0.42,S012,A,
0.42,S012,B,9.976618280634284
0.42,S012,C,
0.42,S013,A,25.0
0.42,S013,B,30.0
0.42,S013,C,76.16296466439962
0.42,S014,A,25.0
0.42,S014,B,29.307379354722798
0.42,S014,C,63.03772616200149
0.42,S015,A,24.574547173688188
0.42,S015,B,25.320747254882008
0.42,S015,C,51.49177358485758
0.43,S001,A,25.0
0.43,S001,B,30.0
0.43,S001,C,80.0
0.43,S002,A,
0.43,S002,B,9.616134879179299
0.43,S002,C,
0.43,S003,A,
0.43,S003,B,5.322821396403015
0.43,S003,C,
0.43,S004,A,
0.43,S004,B,
0.43,S004,C,
0.43,S005,A,25.0
0.43,S005,B,30.0
0.43,S005,C,67.68923797644675
0.43,S006,A,25.0
0.43,S006,B,30.0
0.43,S006,C,80.0
0.43,S007,A,25.0
0.43,S007,B,30.0
0.43,S007,C,78.1526376772672
0.43,S008,A,
0.43,S008,B,
0.43,S008,C,
0.43,S009,A,25.0
0.43,S009,B,29.3065942148678
0.43,S009,C,60.18568858504295
0.43,S010,A,25.0
0.43,S010,B,30.0
0.43,S010,C,75.30153398402035
0.43,S011,A,25.0
0.43,S011,B,30.0
0.43,S011,C,80.0
0.43,S012,A,
0.43,S012,B,7.313345787115395
0.43,S012,C,
0.43,S013,A,25.0
0.43,S013,B,30.0
0.43,S013,C,74.7850226983428
0.43,S014,A,25.0
0.43,S014,B,28.469765223562717
0.43,S014,C,60.97650461830199
0.43,S015,A,22.37823847681284
0.43,S015,B,24.27033567102626
0.43,S015,C,48.751649716869
0.44,S001,A,25.0
0.44,S001,B,30.0
0.44,S001,C,80.0
0.44,S002,A,
0.44,S002,B,6.790480732452124
0.44,S002,C,
0.44,S003,A,
0.44,S003,B,0.7665605912916362
0.44,S003,C,
0.44,S004,A,
0.44,S004,B,
0.44,S004,C,
0.44,S005,A,25.0
0.44,S005,B,30.0
0.44,S005,C,65.86754329502583
0.44,S006,A,25.0
0.44,S006,B,30.0
0.44,S006,C,80.0
0.44,S007,A,25.0
0.44,S007,B,30.0
0.44,S007,C,76.81904603727162
0.44,S008,A,
0.44,S008,B,
0.44,S008,C,
0.44,S009,A,25.0
0.44,S009,B,28.49179884418845
0.44,S009,C,57.9492655955255
0.44,S010,A,25.0
0.44,S010,B,30.0
0.44,S010,C,73.85257800109684
0.44,S011,A,25.0
0.44,S011,B,30.0
0.44,S011,C,80.0
0.44,S012,A,
0.44,S012,B,3.844446069560945
0.44,S012,C,
0.44,S013,A,25.0
0.44,S013,B,30.0
0.44,S013,C,73.31835163757205
0.44,S014,A,25.0
0.44,S014,B,27.569236373528838
0.44,S014,C,58.75993008725345
0.44,S015,A,19.938277237815782
0.44,S015,B,23.132536013145
0.44,S015,C,45.76990209519863
0.45,S001,A,25.0
0.45,S001,B,30.0
0.45,S001,C,80.0
0.45,S002,A,
0.45,S002,B,2.9102991172112525
0.45,S002,C,
0.45,S003,A,
0.45,S003,B,
0.45,S003,C,
0.45,S004,A,
0.45,S004,B,
0.45,S004,C,
0.45,S005,A,25.0
0.45,S005,B,30.0
0.45,S005,C,63.9120109193027
0.45,S006,A,25.0
0.45,S006,B,30.0
0.45,S006,C,80.0
0.45,S007,A,25.0
0.45,S007,B,30.0
0.45,S007,C,75.39940272457898
0.45,S008,A,
0.45,S008,B,
0.45,S008,C,
0.45,S009,A,25.0
0.45,S009,B,27.615886142011732
0.45,S009,C,55.530339907854795
0.45,S010,A,25.0
0.45,S010,B,30.0
0.45,S010,C,72.30745734646916
0.45,S011,A,25.0
0.45,S011,B,30.0
0.45,S011,C,80.0
0.45,S012,A,
0.45,S012,B,
0.45,S012,C,
0.45,S013,A,25.0
0.45,S013,B,30.0
0.45,S013,C,71.75389369949698
0.45,S014,A,25.0
0.45,S014,B,26.598139805719256
0.45,S014,C,56.36876640841365
0.45,S015,A,17.19459340092726
0.45,S015,B,21.894838779699057
0.45,S015,C,42.50765098258853
0.46,S001,A,25.0
0.46,S001,B,30.0
0.46,S001,C,80.0
0.46,S002,A,
0.46,S002,B,
0.46,S002,C,
0.46,S003,A,
0.46,S003,B,
0.46,S003,C,
0.46,S004,A,
0.46,S004,B,
0.46,S004,C,
0.46,S005,A,25.0
0.46,S005,B,29.629820440895855
0.46,S005,C,61.806426951661706
0.46,S006,A,25.0
0.46,S006,B,30.0
0.46,S006,C,80.0
0.46,S007,A,25.0
0.46,S007,B,30.0
0.46,S007,C,73.88502008281648
0.46,S008,A,
0.46,S008,B,
0.46,S008,C,
0.46,S009,A,25.0
0.46,S009,B,26.671230546198785
0.46,S009,C,52.90306021459401
0.46,S010,A,25.0
0.46,S010,B,30.0
0.46,S010,C,70.65605434589088
0.46,S011,A,25.0
0.46,S011,B,30.0
0.46,S011,C,80.0
0.46,S012,A,
0.46,S012,B,
0.46,S012,C,
0.46,S013,A,25.0
0.46,S013,B,30.0
0.46,S013,C,70.0812671892345
0.46,S014,A,25.0
0.46,S014,B,25.547431223094463
0.46,S014,C,53.780118050053716
0.46,S015,A,14.05310636619106
0.46,S015,B,20.541798539925367
0.46,S015,C,38.914816649630666
0.47,S001,A,25.0
0.47,S001,B,30.0
0.47,S001,C,80.0
0.47,S002,A,
0.47,S002,B,
0.47,S002,C,
0.47,S003,A,
0.47,S003,B,
0.47,S003,C,
0.47,S004,A,
0.47,S004,B,
0.47,S004,C,
0.47,S005,A,25.0
0.47,S005,B,28.77574964426458
0.47,S005,C,59.53160600736737
0.47,S006,A,25.0
0.47,S006,B,30.0
0.47,S006,C,80.0
0.47,S007,A,25.0
0.47,S007,B,30.0
0.47,S007,C,72.26597411558032
0.47,S008,A,
0.47,S008,B,
0.47,S008,C,
0.47,S009,A,24.90670380066149
0.47,S009,B,25.648753743153065
0.47,S009,C,50.0356312841177
0.47,S010,A,25.0
0.47,S010,B,30.0
0.47,S010,C,68.8867247197777
0.47,S011,A,25.0
0.47,S011,B,30.0
0.47,S011,C,80.0
0.47,S012,A,
0.47,S012,B,
0.47,S012,C,
0.47,S013,A,25.0
0.47,S013,B,30.0
0.47,S013,C,68.28850162215531
0.47,S014,A,22.870693617733195
0.47,S014,B,24.406304515432566
0.47,S014,C,50.96637179143727
0.47,S015,A,10.342912620399147
0.47,S015,B,19.05391360167414
0.47,S015,C,34.92442285642028
0.48,S001,A,25.0
0.48,S001,B,30.0
0.48,S001,C,80.0
0.48,S002,A,
0.48,S002,B,
0.48,S002,C,
0.48,S003,A,
0.48,S003,B,
0.48,S003,C,
0.48,S004,A,
0.48,S004,B,
0.48,S004,C,
0.48,S005,A,25.0
0.48,S005,B,27.853816773276776
0.48,S005,C,57.06459362991154
0.48,S006,A,25.0
0.48,S006,B,30.0
0.48,S006,C,80.0
0.48,S007,A,25.0
0.48,S007,B,30.0
0.48,S007,C,70.5308676045388
0.48,S008,A,
0.48,S008,B,
0.48,S008,C,
0.48,S009,A,22.498546133283526
0.48,S009,B,24.53751598019153
0.48,S009,C,46.888153003528714
0.48,S010,A,25.0
0.48,S010,B,30.0
0.48,S010,C,66.98598087765276
0.48,S011,A,25.0
0.48,S011,B,30.0
0.48,S011,C,80.0
0.48,S012,A,
0.48,S012,B,
0.48,S012,C,
0.48,S013,A,25.0
0.48,S013,B,30.0
0.48,S013,C,66.36170173063874
0.48,S014,A,20.25163159123622
0.48,S014,B,23.161677634343505
0.48,S014,C,47.89367743767798
0.48,S015,A,5.642500362591818
0.48,S015,B,17.405828246846795
0.48,S015,C,30.442033987492323
0.49,S001,A,25.0
0.49,S001,B,30.0
0.49,S001,C,80.0
0.49,S002,A,
0.49,S002,B,
0.49,S002,C,
0.49,S003,A,
0.49,S003,B,
0.49,S003,C,
0.49,S004,A,
0.49,S004,B,
0.49,S004,C,
0.49,S005,A,25.0
0.49,S005,B,26.855086230207235
0.49,S005,C,54.37756075523794
0.49,S006,A,25.0
0.49,S006,B,30.0
0.49,S006,C,80.0
0.49,S007,A,25.0
0.49,S007,B,30.0
0.49,S007,C,68.66653330624104
0.49,S008,A,
0.49,S008,B,
0.49,S008,C,
0.49,S009,A,19.775464478880167
0.49,S009,B,23.32414094125852
0.49,S009,C,43.40925297699869
0.49,S010,A,25.0
0.49,S010,B,30.0
0.49,S010,C,64.93808655999601
0.49,S011,A,25.0
0.49,S011,B,30.0
0.49,S011,C,80.0
0.49,S012,A,
0.49,S012,B,
0.49,S012,C,
0.49,S013,A,25.0
0.49,S013,B,30.0
0.49,S013,C,64.28461496718228
0.49,S014,A,17.28541493648663
0.49,S014,B,21.797454776242375
0.49,S014,C,44.51967383734882
0.49,S015,A,
0.49,S015,B,15.56323425611481
0.49,S015,C,25.323574161157012
0.5,S001,A,25.0
0.5,S001,B,30.0
0.5,S001,C,80.0
0.5,S002,A,
0.5,S002,B,
0.5,S002,C,
0.5,S003,A,
0.5,S003,B,
0.5,S003,C,
0.5,S004,A,
0.5,S004,B,
0.5,S004,C,
0.5,S005,A,25.0
0.5,S005,B,25.768830869346857
0.5,S005,C,51.43622290343046
0.5,S006,A,25.0
0.5,S006,B,30.0
0.5,S006,C,80.0
0.5,S007,A,25.0
0.5,S007,B,30.0
0.5,S007,C,66.65765730664134
0.5,S008,A,
0.5,S008,B,
0.5,S008,C,
0.5,S009,A,16.64003522018902
0.5,S009,B,21.99197863927111
0.5,S009,C,39.53051130287349
0.5,S010,A,25.0
0.5,S010,B,29.758066835347563
0.5,S010,C,62.72452934645116
0.5,S011,A,25.0
0.5,S011,B,30.0
0.5,S011,C,80.0
0.5,S012,A,
0.5,S012,B,
0.5,S012,C,
0.5,S013,A,25.0
0.5,S013,B,29.686964980792254
0.5,S013,C,62.03806542791426
0.5,S014,A,13.858079450437799
0.5,S014,B,20.293423023540527
0.5,S014,C,40.789902256801724
0.5,S015,A,
0.5,S015,B,13.47699117148295
0.5,S015,C,19.31908432394266
