box,area,kind,sortie,delivery_s,hard_due_s,desired_s,priority,lateness_s
S001-MED-01,S001,MED,Q2-001,917.6734374036756,3600.0,3600.0,24.0,0.0
S001-MED-02,S001,MED,Q2-001,917.6734374036756,3600.0,3600.0,24.0,0.0
S001-WAT-01,S001,WAT,Q2-001,917.6734374036756,3600.0,3600.0,12.0,0.0
S006-MED-01,S006,MED,Q2-002,882.3989611547998,3600.0,3600.0,24.0,0.0
S006-WAT-01,S006,WAT,Q2-002,882.3989611547998,3600.0,3600.0,12.0,0.0
S013-MED-01,S013,MED,Q2-003,1083.5902060617477,3600.0,3600.0,24.0,0.0
S013-WAT-01,S013,WAT,Q2-003,1083.5902060617477,3600.0,3600.0,12.0,0.0
S010-MED-01,S010,MED,Q2-004,1104.9680327849212,3600.0,3600.0,24.0,0.0
S010-WAT-01,S010,WAT,Q2-004,1104.9680327849212,3600.0,3600.0,12.0,0.0
S007-MED-01,S007,MED,Q2-005,1141.352045432246,3600.0,3600.0,24.0,0.0
S007-WAT-01,S007,WAT,Q2-005,1141.352045432246,3600.0,3600.0,12.0,0.0
S014-WAT-01,S014,WAT,Q2-006,1272.7615750149298,3600.0,3600.0,12.0,0.0
S014-MED-01,S014,MED,Q2-006,1272.7615750149298,3600.0,7200.0,22.0,0.0
S002-MED-01,S002,MED,Q2-007,1223.3161976444517,3600.0,3600.0,24.0,0.0
S002-WAT-01,S002,WAT,Q2-007,1223.3161976444517,3600.0,3600.0,12.0,0.0
S012-WAT-01,S012,WAT,Q2-008,1285.6903531628857,3600.0,3600.0,12.0,0.0
S012-MED-01,S012,MED,Q2-008,1285.6903531628857,3600.0,7200.0,22.0,0.0
S015-MED-01,S015,MED,Q2-009,3114.8495804357162,7200.0,7200.0,18.0,0.0
S015-WAT-01,S015,WAT,Q2-009,3114.8495804357162,10800.0,10800.0,8.0,0.0
S004-MED-01,S004,MED,Q2-010,3559.7397408626534,7200.0,7200.0,20.0,0.0
S004-WAT-01,S004,WAT,Q2-010,3559.7397408626534,7200.0,7200.0,10.0,0.0
S008-MED-01,S008,MED,Q2-011,5123.064194963497,7200.0,7200.0,20.0,0.0
S008-WAT-01,S008,WAT,Q2-011,5123.064194963497,7200.0,7200.0,10.0,0.0
S003-MED-01,S003,MED,Q2-012,5166.559240920122,7200.0,7200.0,20.0,0.0
S003-WAT-01,S003,WAT,Q2-012,5166.559240920122,7200.0,7200.0,10.0,0.0
S011-MED-01,S011,MED,Q2-013,4665.171784608059,10800.0,10800.0,16.0,0.0
S011-WAT-01,S011,WAT,Q2-013,4665.171784608059,10800.0,10800.0,8.0,0.0
S005-MED-01,S005,MED,Q2-014,4866.50151780224,10800.0,10800.0,16.0,0.0
S005-WAT-01,S005,WAT,Q2-014,4866.50151780224,10800.0,10800.0,8.0,0.0
S009-MED-01,S009,MED,Q2-015,4883.167875054558,10800.0,10800.0,16.0,0.0
S009-WAT-01,S009,WAT,Q2-015,4883.167875054558,10800.0,10800.0,8.0,0.0
S001-WAT-08,S001,WAT,Q2-016,4665.8443405445005,,3600.0,12.0,1065.8443405445005
S001-FOD-01,S001,FOD,Q2-016,4665.8443405445005,,7200.0,10.0,0.0
S001-WAT-04,S001,WAT,Q2-017,4614.944693046609,,3600.0,12.0,1014.9446930466092
S001-WAT-05,S001,WAT,Q2-017,4614.944693046609,,3600.0,12.0,1014.9446930466092
S001-WAT-06,S001,WAT,Q2-018,5096.588330152716,,3600.0,12.0,1496.5883301527156
S001-WAT-07,S001,WAT,Q2-018,5096.588330152716,,3600.0,12.0,1496.5883301527156
S007-WAT-02,S007,WAT,Q2-019,7069.755846382974,,3600.0,12.0,3469.7558463829737
S007-FOD-01,S007,FOD,Q2-019,7069.755846382974,,7200.0,10.0,0.0
S002-WAT-04,S002,WAT,Q2-020,7303.709557043972,,3600.0,12.0,3703.7095570439724
S002-FOD-01,S002,FOD,Q2-020,7303.709557043972,,7200.0,10.0,103.70955704397238
S006-FOD-01,S006,FOD,Q2-021,6965.322493911356,,7200.0,10.0,0.0
S006-HYG-01,S006,HYG,Q2-021,6965.322493911356,,10800.0,8.0,0.0
S001-WAT-02,S001,WAT,Q2-022,6938.170098618891,,3600.0,12.0,3338.1700986188907
S001-WAT-03,S001,WAT,Q2-022,6938.170098618891,,3600.0,12.0,3338.1700986188907
S001-FOD-02,S001,FOD,Q2-023,6877.57399693432,,7200.0,10.0,0.0
S001-FOD-03,S001,FOD,Q2-023,6877.57399693432,,7200.0,10.0,0.0
S013-FOD-01,S013,FOD,Q2-024,7043.490765592392,,7200.0,10.0,0.0
S006-WAT-02,S006,WAT,Q2-025,6904.473557819749,,3600.0,12.0,3304.4735578197487
S006-WAT-03,S006,WAT,Q2-025,6904.473557819749,,3600.0,12.0,3304.4735578197487
S010-FOD-01,S010,FOD,Q2-026,8727.789512502964,,7200.0,10.0,1527.7895125029645
S014-FOD-01,S014,FOD,Q2-027,9616.30092120785,,7200.0,10.0,2416.3009212078505
S005-WAT-02,S005,WAT,Q2-028,10262.051741877349,,10800.0,8.0,0.0
S005-WAT-03,S005,WAT,Q2-028,10262.051741877349,,10800.0,8.0,0.0
S008-WAT-02,S008,WAT,Q2-029,11838.614419038608,,7200.0,10.0,4638.614419038608
S008-FOD-01,S008,FOD,Q2-029,11838.614419038608,,10800.0,8.0,1038.6144190386076
S002-FOD-02,S002,FOD,Q2-030,12023.108635004097,,7200.0,10.0,4823.108635004097
S002-HYG-01,S002,HYG,Q2-030,12023.108635004097,,10800.0,8.0,1223.1086350040969
S007-HYG-01,S007,HYG,Q2-031,11944.173525150289,,10800.0,8.0,1144.1735251502887
S001-HYG-01,S001,HYG,Q2-032,11720.49491712172,,10800.0,8.0,920.4949171217195
S001-HYG-02,S001,HYG,Q2-032,11720.49491712172,,10800.0,8.0,920.4949171217195
S003-WAT-04,S003,WAT,Q2-033,12272.109464995232,,7200.0,10.0,5072.109464995232
S003-FOD-01,S003,FOD,Q2-033,12272.109464995232,,10800.0,8.0,1472.109464995232
S011-FOD-01,S011,FOD,Q2-034,11704.72200868317,,14400.0,6.0,0.0
S005-FOD-01,S005,FOD,Q2-035,11972.051741877349,,14400.0,6.0,0.0
S005-HYG-01,S005,HYG,Q2-035,11972.051741877349,,18000.0,4.0,0.0
S009-FOD-01,S009,FOD,Q2-036,12982.732557199875,,14400.0,6.0,0.0
S015-FOD-01,S015,FOD,Q2-037,13209.656397031673,,14400.0,6.0,0.0
S004-FOD-01,S004,FOD,Q2-038,14851.984275509869,,10800.0,8.0,4051.984275509869
S004-HYG-01,S004,HYG,Q2-038,14851.984275509869,,14400.0,6.0,451.9842755098689
S012-FOD-01,S012,FOD,Q2-039,15453.990842085144,,7200.0,10.0,8253.990842085144
S008-HYG-01,S008,HYG,Q2-040,17135.30872961071,,14400.0,6.0,2735.3087296107115
S003-FOD-02,S003,FOD,Q2-041,17147.750785445493,,10800.0,8.0,6347.7507854454925
S003-HYG-01,S003,HYG,Q2-041,17147.750785445493,,14400.0,6.0,2747.7507854454925
S004-WAT-02,S004,WAT,Q2-042,17779.014136553164,,7200.0,10.0,10579.014136553164
S004-WAT-03,S004,WAT,Q2-042,17779.014136553164,,7200.0,10.0,10579.014136553164
S002-WAT-02,S002,WAT,Q2-043,17712.8319879346,,3600.0,12.0,14112.831987934602
S002-WAT-03,S002,WAT,Q2-043,17712.8319879346,,3600.0,12.0,14112.831987934602
S003-WAT-02,S003,WAT,Q2-044,17777.750785445493,,7200.0,10.0,10577.750785445493
S003-WAT-03,S003,WAT,Q2-044,17777.750785445493,,7200.0,10.0,10577.750785445493
