sortie,model,origin,destination,load_kg,start_s,end_s,energy_kwh,distance,cruise_z,climb,descent,cells,dem_max
Q2-001,A,O01,S003,17,360.0,1199.2879727143438,1.6154500999355985,7263.1792565565,561.8041381835938,434.10413818359376,223.30413818359375,340,511.80413818359375
Q2-001,A,S003,O01,0,1409.2879727143438,2262.629278762021,1.366532355567004,7263.1792565565,561.8041381835938,223.30413818359375,434.10413818359376,340,511.80413818359375
Q2-002,A,O01,S009,17,360.0,915.8966159156646,1.211145535807087,5705.144962277037,293.2289123535156,165.52891235351564,63.228912353515625,255,243.22891235351562
Q2-002,A,S009,O01,0,1125.8966159156646,1688.6132318313291,1.043677364086857,5705.144962277037,293.2289123535156,63.228912353515625,165.52891235351564,255,243.22891235351562
Q2-003,A,O01,S011,11,360.0,683.198139995606,0.5881858204089017,2808.074232681646,295.36175537109375,167.66175537109376,83.26175537109376,125,245.36175537109375
Q2-003,A,S011,O01,0,893.198139995606,1222.0229466578785,0.5275119449896909,2808.074232681646,295.36175537109375,83.26175537109376,167.66175537109376,125,245.36175537109375
Q2-004,A,O01,S014,17,360.0,1062.7615724943244,1.2516147790067202,5419.60185821314,591.9473876953125,464.2473876953125,240.9473876953125,205,541.9473876953125
Q2-004,A,S014,O01,0,1272.7615724943244,1990.4098116553153,1.0393626597601442,5419.60185821314,591.9473876953125,240.9473876953125,464.2473876953125,205,541.9473876953125
Q2-005,B,O01,S010,25,390.0,845.2264495822316,1.1190228622135616,4784.49485164363,435.63653564453125,307.93653564453126,84.03653564453123,205,385.63653564453125
Q2-005,B,S010,O01,0,1085.2264495822315,1555.3795658311296,0.7041728358761263,4784.49485164363,435.63653564453125,84.03653564453123,307.93653564453126,205,385.63653564453125
Q2-006,B,O01,S013,25,390.0,822.7694958843779,1.1203295029224047,4849.242377230511,399.18182373046875,271.48182373046876,47.48182373046876,230,349.18182373046875
Q2-006,B,S013,O01,0,1062.7694958843779,1510.4723251020891,0.7044297694055125,4849.242377230511,399.18182373046875,47.48182373046876,271.48182373046876,230,349.18182373046875
Q2-007,C,O01,S001,76,570.0,876.2695386645796,1.954336397837541,3053.9788435184996,273.0566101074219,145.3566101074219,89.05661010742188,138,223.05661010742188
Q2-007,C,S001,O01,0,1380.2695386645796,1692.1690773291593,0.963245909744215,3053.9788435184996,273.0566101074219,89.05661010742188,145.3566101074219,138,223.05661010742188
Q2-008,C,O01,S001,78,480.0,786.2695386645796,2.0325233529785582,3053.9788435184996,273.0566101074219,145.3566101074219,89.05661010742188,138,223.05661010742188
Q2-008,C,S001,O01,0,1182.2695386645796,1494.1690773291593,0.963245909744215,3053.9788435184996,273.0566101074219,89.05661010742188,145.3566101074219,138,223.05661010742188
Q2-009,A,O01,S009,11,1583.0,2138.8966159156644,1.1413314133498977,5705.144962277037,293.2289123535156,165.52891235351564,63.228912353515625,255,243.22891235351562
Q2-009,A,S009,S012,3,2318.8966159156644,2642.70948746116,0.5757433390591246,2972.7018315928194,360.91961669921875,130.91961669921875,81.11961669921874,110,310.91961669921875
Q2-009,A,S012,O01,0,2822.70948746116,3597.324524282884,1.3656569963949532,7390.491686977874,413.3009948730469,133.50099487304686,285.6009948730469,356,363.3009948730469
Q2-010,C,O01,S002,59,1975.0,2586.3161924076303,3.5490031639191337,7411.310455084183,308.9542541503906,181.25425415039064,89.45425415039062,325,258.9542541503906
Q2-010,C,S002,O01,0,2982.3161924076303,3602.812384815261,2.304068526247495,7411.310455084183,308.9542541503906,89.45425415039062,181.25425415039064,325,258.9542541503906
Q2-011,B,O01,S007,25,1901.0,2396.7776994902124,1.0920272168365286,4534.460566816074,511.9731750488281,384.27317504882814,163.47317504882812,215,461.9731750488281
Q2-011,B,S007,O01,0,2636.7776994902124,3147.275398980424,0.6879956172661189,4534.460566816074,511.9731750488281,163.47317504882812,384.27317504882814,215,461.9731750488281
Q2-012,B,O01,S007,20,1916.0,2411.7776994902124,0.9684982011624914,4534.460566816074,511.9731750488281,384.27317504882814,163.47317504882812,215,461.9731750488281
Q2-012,B,S007,O01,0,2621.7776994902124,3132.275398980424,0.6879956172661189,4534.460566816074,511.9731750488281,163.47317504882812,384.27317504882814,215,461.9731750488281
Q2-013,A,O01,S002,22,2049.0,2762.8089909673017,1.6609558874943249,7411.310455084183,308.9542541503906,181.25425415039064,89.45425415039062,325,258.9542541503906
Q2-013,A,S002,O01,0,2972.8089909673017,3692.7379819346033,1.357735047164024,7411.310455084183,308.9542541503906,89.45425415039062,181.25425415039064,325,258.9542541503906
Q2-014,C,O01,S006,59,2173.0,2506.4219339808324,1.6040451674359941,3186.208178413656,366.09783935546875,238.39783935546876,51.29783935546874,118,316.09783935546875
Q2-014,C,S006,O01,0,2902.4219339808324,3254.5538679616648,0.9939426974761897,3186.208178413656,366.09783935546875,51.29783935546874,238.39783935546876,118,316.09783935546875
Q2-015,A,O01,S012,22,2405.0,3169.4750368217237,1.6928004130559553,7390.491686977874,413.3009948730469,285.6009948730469,133.50099487304686,356,363.3009948730469
Q2-015,A,S012,O01,0,3379.4750368217237,4154.090073643448,1.3656569963949532,7390.491686977874,413.3009948730469,133.50099487304686,285.6009948730469,356,363.3009948730469
Q2-016,A,O01,S011,22,3201.0,3524.1981399956057,0.6637866735102959,2808.074232681646,295.36175537109375,167.66175537109376,83.26175537109376,125,245.36175537109375
Q2-016,A,S011,S014,8,3704.1981399956057,4540.690408442215,1.4511758199361484,7127.719086593689,618.5668334960938,406.4668334960937,267.56683349609375,327,568.5668334960938
Q2-016,A,S014,O01,0,4720.690408442215,5438.3386476032065,1.0393626597601442,5419.60185821314,591.9473876953125,240.9473876953125,464.2473876953125,205,541.9473876953125
Q2-017,B,O01,S008,25,3523.0,4184.142384496832,1.7959739347412533,8079.033112423187,372.9093322753906,245.20933227539064,102.00933227539065,323,322.9093322753906
Q2-017,B,S008,O01,0,4424.142384496832,5094.831435660331,1.1792425916269136,8079.033112423187,372.9093322753906,102.00933227539065,245.20933227539064,323,322.9093322753906
Q2-018,B,O01,S015,25,3538.0,4125.578318713488,1.4250332501134857,6009.38297162029,571.7992553710938,444.09925537109376,97.29925537109375,288,521.7992553710938
Q2-018,B,S015,O01,0,4365.5783187134875,4976.276637426976,0.8824195741706039,6009.38297162029,571.7992553710938,97.29925537109375,444.09925537109376,288,521.7992553710938
Q2-019,C,O01,S004,59,3735.0,4442.4983462416,3.7342215048587453,7714.6964491171675,398.2391662597656,270.53916625976564,169.9391662597656,278,348.2391662597656
Q2-019,C,S004,O01,0,4838.4983462416,5556.0566924832,2.4187105140484637,7714.6964491171675,398.2391662597656,169.9391662597656,270.53916625976564,278,348.2391662597656
Q2-020,A,O01,S003,22,3958.0,4797.287972714344,1.7170604129688936,7263.1792565565,561.8041381835938,434.10413818359376,223.30413818359375,340,511.80413818359375
Q2-020,A,S003,O01,0,5007.287972714344,5860.6292787620205,1.366532355567004,7263.1792565565,561.8041381835938,223.30413818359375,434.10413818359376,340,511.80413818359375
Q2-021,C,O01,S005,59,4083.0,4580.23026226289,2.5626257007137268,5280.606936873044,326.410888671875,198.710888671875,131.410888671875,183,276.410888671875
Q2-021,C,S005,O01,0,4976.23026226289,5480.19052452578,1.6595671587933043,5280.606936873044,326.410888671875,131.410888671875,198.710888671875,183,276.410888671875
Q2-022,A,O01,S003,22,4053.0,4892.287972714344,1.7170604129688936,7263.1792565565,561.8041381835938,434.10413818359376,223.30413818359375,340,511.80413818359375
Q2-022,A,S003,O01,0,5102.287972714344,5955.6292787620205,1.366532355567004,7263.1792565565,561.8041381835938,223.30413818359375,434.10413818359376,340,511.80413818359375
Q2-023,B,O01,S003,20,5337.0,6055.2349851050685,1.492953562921025,7263.1792565565,561.8041381835938,434.10413818359376,223.30413818359375,340,511.80413818359375
Q2-023,B,S003,O01,0,6265.2349851050685,6997.52330354347,1.0925314053672746,7263.1792565565,561.8041381835938,223.30413818359375,434.10413818359376,340,511.80413818359375
Q2-024,B,O01,S008,20,5455.0,6116.142384496832,1.5841986636381966,8079.033112423187,372.9093322753906,245.20933227539064,102.00933227539065,323,322.9093322753906
Q2-024,B,S008,O01,0,6326.142384496832,6996.831435660331,1.1792425916269136,8079.033112423187,372.9093322753906,102.00933227539065,245.20933227539064,323,322.9093322753906
